status_id,category
1.03022E+18,DOUBTFUL
1.03641E+18,NON_SEXIST
1.05698E+18,NON_SEXIST
1.0674E+18,NON_SEXIST
1.04944E+18,SEXIST
1.04323E+18,NON_SEXIST
1.06068E+18,NON_SEXIST
1.04723E+18,DOUBTFUL
1.03283E+18,DOUBTFUL
1.04943E+18,DOUBTFUL
1.02726E+18,NON_SEXIST
1.05267E+18,SEXIST
1.02479E+18,NON_SEXIST
1.0537E+18,NON_SEXIST
1.01525E+18,NON_SEXIST
1.05086E+18,SEXIST
1.03691E+18,NON_SEXIST
1.0425E+18,NON_SEXIST
1.01562E+18,SEXIST
1.01542E+18,SEXIST
1.06284E+18,NON_SEXIST
1.04003E+18,SEXIST
1.05293E+18,SEXIST
1.05063E+18,SEXIST
1.05993E+18,SEXIST
1.078E+18,NON_SEXIST
1.0216E+18,SEXIST
1.05111E+18,SEXIST
1.01503E+18,DOUBTFUL
1.05596E+18,NON_SEXIST
1.01383E+18,NON_SEXIST
1.03956E+18,NON_SEXIST
1.01754E+18,NON_SEXIST
1.0153E+18,SEXIST
1.0337E+18,NON_SEXIST
1.0271E+18,NON_SEXIST
1.03013E+18,SEXIST
1.05822E+18,SEXIST
1.02792E+18,NON_SEXIST
1.01857E+18,NON_SEXIST
1.01779E+18,NON_SEXIST
1.04764E+18,SEXIST
1.03306E+18,NON_SEXIST
1.04384E+18,NON_SEXIST
1.02218E+18,SEXIST
1.01454E+18,SEXIST
1.07029E+18,SEXIST
1.04701E+18,SEXIST
1.02209E+18,NON_SEXIST
1.02653E+18,SEXIST
1.02009E+18,NON_SEXIST
1.04651E+18,NON_SEXIST
1.0542E+18,NON_SEXIST
1.06572E+18,SEXIST
1.04595E+18,SEXIST
1.06574E+18,DOUBTFUL
1.05666E+18,NON_SEXIST
1.02284E+18,NON_SEXIST
1.06715E+18,NON_SEXIST
1.06034E+18,SEXIST
1.0353E+18,NON_SEXIST
1.07091E+18,NON_SEXIST
1.06281E+18,SEXIST
1.0447E+18,NON_SEXIST
1.05298E+18,NON_SEXIST
1.01428E+18,NON_SEXIST
1.02161E+18,NON_SEXIST
1.02993E+18,SEXIST
1.03899E+18,DOUBTFUL
1.05051E+18,NON_SEXIST
1.05991E+18,NON_SEXIST
1.06427E+18,NON_SEXIST
1.05404E+18,SEXIST
1.04364E+18,SEXIST
1.01657E+18,SEXIST
1.04067E+18,NON_SEXIST
1.02388E+18,NON_SEXIST
1.05558E+18,NON_SEXIST
1.03998E+18,NON_SEXIST
1.04219E+18,NON_SEXIST
1.01746E+18,NON_SEXIST
1.02513E+18,NON_SEXIST
1.02008E+18,DOUBTFUL
1.02815E+18,SEXIST
1.06467E+18,NON_SEXIST
1.065E+18,SEXIST
1.0708E+18,DOUBTFUL
1.07477E+18,SEXIST
1.04071E+18,NON_SEXIST
1.07122E+18,NON_SEXIST
1.04458E+18,NON_SEXIST
1.04472E+18,SEXIST
1.02189E+18,SEXIST
1.06063E+18,NON_SEXIST
1.04467E+18,NON_SEXIST
1.02109E+18,SEXIST
1.02714E+18,DOUBTFUL
1.03373E+18,NON_SEXIST
1.07522E+18,NON_SEXIST
1.0581E+18,SEXIST
1.06015E+18,SEXIST
1.0357E+18,NON_SEXIST
1.04569E+18,NON_SEXIST
1.02183E+18,NON_SEXIST
1.04472E+18,NON_SEXIST
1.07371E+18,SEXIST
1.01639E+18,DOUBTFUL
1.0556E+18,NON_SEXIST
1.05606E+18,SEXIST
1.04683E+18,NON_SEXIST
1.07545E+18,NON_SEXIST
1.04821E+18,SEXIST
1.05119E+18,NON_SEXIST
1.02621E+18,NON_SEXIST
1.05049E+18,NON_SEXIST
1.05522E+18,NON_SEXIST
1.02846E+18,SEXIST
1.03589E+18,NON_SEXIST
1.05558E+18,DOUBTFUL
1.02429E+18,NON_SEXIST
1.03894E+18,NON_SEXIST
1.01568E+18,NON_SEXIST
1.04834E+18,NON_SEXIST
1.01428E+18,NON_SEXIST
1.04331E+18,DOUBTFUL
1.07792E+18,NON_SEXIST
1.05001E+18,NON_SEXIST
1.01936E+18,NON_SEXIST
1.02788E+18,NON_SEXIST
1.04747E+18,DOUBTFUL
1.05475E+18,SEXIST
1.02511E+18,NON_SEXIST
1.05042E+18,SEXIST
1.04332E+18,NON_SEXIST
1.01393E+18,NON_SEXIST
1.0517E+18,NON_SEXIST
1.01895E+18,NON_SEXIST
1.06931E+18,NON_SEXIST
1.04335E+18,NON_SEXIST
1.01573E+18,SEXIST
1.03888E+18,NON_SEXIST
1.06816E+18,NON_SEXIST
1.01429E+18,SEXIST
1.03308E+18,NON_SEXIST
1.02951E+18,DOUBTFUL
1.05443E+18,SEXIST
1.05041E+18,SEXIST
1.07013E+18,SEXIST
1.06383E+18,NON_SEXIST
1.01601E+18,SEXIST
1.04871E+18,NON_SEXIST
1.04327E+18,NON_SEXIST
1.05012E+18,SEXIST
1.05179E+18,NON_SEXIST
1.04616E+18,SEXIST
1.06996E+18,SEXIST
1.06943E+18,NON_SEXIST
1.01361E+18,NON_SEXIST
1.04606E+18,NON_SEXIST
1.02496E+18,SEXIST
1.03653E+18,SEXIST
1.014E+18,SEXIST
1.03351E+18,SEXIST
1.06001E+18,NON_SEXIST
1.02832E+18,NON_SEXIST
1.05443E+18,NON_SEXIST
1.04288E+18,NON_SEXIST
1.0651E+18,NON_SEXIST
1.05029E+18,SEXIST
1.01424E+18,NON_SEXIST
1.02822E+18,NON_SEXIST
1.03844E+18,SEXIST
1.04804E+18,NON_SEXIST
1.04832E+18,SEXIST
1.03708E+18,NON_SEXIST
1.05633E+18,SEXIST
1.02293E+18,NON_SEXIST
1.079E+18,NON_SEXIST
1.03602E+18,SEXIST
1.06531E+18,SEXIST
1.06243E+18,SEXIST
1.07551E+18,SEXIST
1.06022E+18,NON_SEXIST
1.05075E+18,SEXIST
1.0707E+18,NON_SEXIST
1.0614E+18,NON_SEXIST
1.03385E+18,SEXIST
1.07947E+18,NON_SEXIST
1.0791E+18,NON_SEXIST
1.019E+18,SEXIST
1.03405E+18,SEXIST
1.04218E+18,NON_SEXIST
1.05739E+18,SEXIST
1.05535E+18,SEXIST
1.04515E+18,NON_SEXIST
1.01815E+18,SEXIST
1.03159E+18,SEXIST
1.05958E+18,NON_SEXIST
1.02423E+18,NON_SEXIST
1.07839E+18,NON_SEXIST
1.02649E+18,SEXIST
1.02813E+18,SEXIST
1.04752E+18,SEXIST
1.04571E+18,SEXIST
1.04245E+18,SEXIST
1.03202E+18,NON_SEXIST
1.06777E+18,NON_SEXIST
1.05637E+18,NON_SEXIST
1.03711E+18,NON_SEXIST
1.05742E+18,SEXIST
1.07042E+18,NON_SEXIST
1.03628E+18,NON_SEXIST
1.05767E+18,NON_SEXIST
1.02653E+18,NON_SEXIST
1.02034E+18,NON_SEXIST
1.03352E+18,NON_SEXIST
1.01923E+18,NON_SEXIST
1.03917E+18,DOUBTFUL
1.07613E+18,SEXIST
1.07305E+18,DOUBTFUL
1.0324E+18,SEXIST
1.07835E+18,SEXIST
1.0335E+18,SEXIST
1.07003E+18,NON_SEXIST
1.03193E+18,NON_SEXIST
1.02214E+18,NON_SEXIST
1.05741E+18,NON_SEXIST
1.01811E+18,NON_SEXIST
1.03499E+18,DOUBTFUL
1.04181E+18,DOUBTFUL
1.07981E+18,NON_SEXIST
1.07475E+18,SEXIST
1.05343E+18,SEXIST
1.06128E+18,NON_SEXIST
1.04022E+18,NON_SEXIST
1.06679E+18,NON_SEXIST
1.05414E+18,NON_SEXIST
1.05045E+18,NON_SEXIST
1.06164E+18,SEXIST
1.02836E+18,NON_SEXIST
1.0174E+18,NON_SEXIST
1.01918E+18,NON_SEXIST
1.0465E+18,SEXIST
1.07479E+18,NON_SEXIST
1.02652E+18,NON_SEXIST
1.04551E+18,NON_SEXIST
1.06447E+18,NON_SEXIST
1.01682E+18,NON_SEXIST
1.04653E+18,SEXIST
1.05344E+18,SEXIST
1.05258E+18,NON_SEXIST
1.05951E+18,NON_SEXIST
1.01755E+18,SEXIST
1.0704E+18,NON_SEXIST
1.03873E+18,NON_SEXIST
1.04513E+18,SEXIST
1.01599E+18,NON_SEXIST
1.07027E+18,SEXIST
1.01744E+18,NON_SEXIST
1.03582E+18,NON_SEXIST
1.06657E+18,NON_SEXIST
1.03092E+18,NON_SEXIST
1.05205E+18,NON_SEXIST
1.07666E+18,NON_SEXIST
1.04011E+18,DOUBTFUL
1.04363E+18,NON_SEXIST
1.02179E+18,NON_SEXIST
1.06361E+18,SEXIST
1.0414E+18,NON_SEXIST
1.03175E+18,SEXIST
1.05278E+18,NON_SEXIST
1.06438E+18,SEXIST
1.06198E+18,SEXIST
1.07451E+18,NON_SEXIST
1.05558E+18,NON_SEXIST
1.01513E+18,NON_SEXIST
1.0461E+18,NON_SEXIST
1.03538E+18,NON_SEXIST
1.03288E+18,NON_SEXIST
1.01393E+18,NON_SEXIST
1.06501E+18,NON_SEXIST
1.04442E+18,NON_SEXIST
1.07874E+18,SEXIST
1.01648E+18,NON_SEXIST
1.05301E+18,SEXIST
1.0407E+18,NON_SEXIST
1.07915E+18,SEXIST
1.06668E+18,SEXIST
1.06927E+18,SEXIST
1.0498E+18,SEXIST
1.06647E+18,SEXIST
1.01795E+18,NON_SEXIST
1.03958E+18,NON_SEXIST
1.03293E+18,NON_SEXIST
1.06569E+18,DOUBTFUL
1.07411E+18,NON_SEXIST
1.0639E+18,NON_SEXIST
1.03024E+18,SEXIST
1.04032E+18,NON_SEXIST
1.01777E+18,SEXIST
1.0281E+18,NON_SEXIST
1.05379E+18,SEXIST
1.02315E+18,SEXIST
1.05529E+18,SEXIST
1.02004E+18,SEXIST
1.04361E+18,SEXIST
1.04871E+18,SEXIST
1.07953E+18,SEXIST
1.02153E+18,NON_SEXIST
1.01689E+18,SEXIST
1.02961E+18,NON_SEXIST
1.01569E+18,NON_SEXIST
1.01576E+18,NON_SEXIST
1.06212E+18,NON_SEXIST
1.02955E+18,NON_SEXIST
1.05306E+18,NON_SEXIST
1.01894E+18,NON_SEXIST
1.03319E+18,SEXIST
1.01359E+18,NON_SEXIST
1.02097E+18,NON_SEXIST
1.06794E+18,SEXIST
1.02736E+18,NON_SEXIST
1.07292E+18,NON_SEXIST
1.07217E+18,SEXIST
1.02468E+18,NON_SEXIST
1.01499E+18,NON_SEXIST
1.0697E+18,SEXIST
1.02772E+18,NON_SEXIST
1.04659E+18,SEXIST
1.05561E+18,SEXIST
1.05966E+18,SEXIST
1.05778E+18,SEXIST
1.05435E+18,NON_SEXIST
1.019E+18,SEXIST
1.04653E+18,NON_SEXIST
1.05298E+18,NON_SEXIST
1.07336E+18,SEXIST
1.05437E+18,NON_SEXIST
1.03899E+18,DOUBTFUL
1.0512E+18,SEXIST
1.07292E+18,NON_SEXIST
1.04005E+18,SEXIST
1.07661E+18,NON_SEXIST
1.075E+18,NON_SEXIST
1.01708E+18,SEXIST
1.03791E+18,NON_SEXIST
1.04545E+18,NON_SEXIST
1.02471E+18,NON_SEXIST
1.02107E+18,NON_SEXIST
1.03421E+18,SEXIST
1.05892E+18,NON_SEXIST
1.04565E+18,NON_SEXIST
1.06849E+18,NON_SEXIST
1.06103E+18,NON_SEXIST
1.03565E+18,SEXIST
1.07853E+18,DOUBTFUL
1.01356E+18,SEXIST
1.01501E+18,SEXIST
1.04457E+18,NON_SEXIST
1.06126E+18,NON_SEXIST
1.05739E+18,SEXIST
1.03189E+18,NON_SEXIST
1.01467E+18,NON_SEXIST
1.01759E+18,NON_SEXIST
1.03368E+18,NON_SEXIST
1.03441E+18,NON_SEXIST
1.06756E+18,NON_SEXIST
1.05905E+18,SEXIST
1.03392E+18,SEXIST
1.03422E+18,SEXIST
1.03527E+18,NON_SEXIST
1.02067E+18,DOUBTFUL
1.06763E+18,NON_SEXIST
1.03282E+18,NON_SEXIST
1.06469E+18,SEXIST
1.01913E+18,NON_SEXIST
1.03209E+18,NON_SEXIST
1.05303E+18,NON_SEXIST
1.01432E+18,NON_SEXIST
1.01651E+18,NON_SEXIST
1.04655E+18,NON_SEXIST
1.04161E+18,SEXIST
1.06617E+18,NON_SEXIST
1.02825E+18,NON_SEXIST
1.05017E+18,NON_SEXIST
1.05212E+18,NON_SEXIST
1.07568E+18,SEXIST
1.01676E+18,NON_SEXIST
1.0447E+18,NON_SEXIST
1.02416E+18,NON_SEXIST
1.04541E+18,NON_SEXIST
1.02474E+18,SEXIST
1.03094E+18,SEXIST
1.01724E+18,NON_SEXIST
1.02251E+18,NON_SEXIST
1.07219E+18,SEXIST
1.0385E+18,DOUBTFUL
1.03458E+18,NON_SEXIST
1.06145E+18,NON_SEXIST
1.03059E+18,SEXIST
1.01356E+18,SEXIST
1.07794E+18,NON_SEXIST
1.07399E+18,SEXIST
1.01344E+18,NON_SEXIST
1.02878E+18,NON_SEXIST
1.06033E+18,NON_SEXIST
1.04726E+18,SEXIST
1.0604E+18,SEXIST
1.06271E+18,NON_SEXIST
1.02726E+18,SEXIST
1.06209E+18,NON_SEXIST
1.06282E+18,NON_SEXIST
1.03417E+18,NON_SEXIST
1.06561E+18,NON_SEXIST
1.06248E+18,SEXIST
1.07112E+18,SEXIST
1.02432E+18,NON_SEXIST
1.05455E+18,NON_SEXIST
1.02289E+18,SEXIST
1.01754E+18,NON_SEXIST
1.04499E+18,NON_SEXIST
1.02105E+18,NON_SEXIST
1.06597E+18,NON_SEXIST
1.04687E+18,SEXIST
1.06619E+18,NON_SEXIST
1.01487E+18,SEXIST
1.04766E+18,NON_SEXIST
1.04894E+18,SEXIST
1.06067E+18,NON_SEXIST
1.02285E+18,DOUBTFUL
1.02356E+18,NON_SEXIST
1.015E+18,NON_SEXIST
1.07253E+18,SEXIST
1.0316E+18,NON_SEXIST
1.0265E+18,NON_SEXIST
1.04426E+18,NON_SEXIST
1.05424E+18,SEXIST
1.05052E+18,SEXIST
1.01706E+18,DOUBTFUL
1.06873E+18,NON_SEXIST
1.05669E+18,SEXIST
1.02258E+18,NON_SEXIST
1.05265E+18,NON_SEXIST
1.04609E+18,NON_SEXIST
1.02541E+18,NON_SEXIST
1.02208E+18,SEXIST
1.07798E+18,NON_SEXIST
1.03095E+18,SEXIST
1.06288E+18,NON_SEXIST
1.07975E+18,NON_SEXIST
1.06284E+18,DOUBTFUL
1.04965E+18,SEXIST
1.06228E+18,NON_SEXIST
1.07551E+18,SEXIST
1.02304E+18,NON_SEXIST
1.0545E+18,NON_SEXIST
1.0744E+18,NON_SEXIST
1.01646E+18,NON_SEXIST
1.05344E+18,SEXIST
1.04464E+18,SEXIST
1.07324E+18,DOUBTFUL
1.0737E+18,NON_SEXIST
1.05451E+18,NON_SEXIST
1.03546E+18,NON_SEXIST
1.06741E+18,NON_SEXIST
1.03338E+18,SEXIST
1.02822E+18,SEXIST
1.06884E+18,NON_SEXIST
1.05321E+18,NON_SEXIST
1.05441E+18,NON_SEXIST
1.0344E+18,SEXIST
1.03927E+18,NON_SEXIST
1.05795E+18,NON_SEXIST
1.05598E+18,NON_SEXIST
1.01706E+18,NON_SEXIST
1.07486E+18,SEXIST
1.03579E+18,DOUBTFUL
1.02282E+18,NON_SEXIST
1.05521E+18,SEXIST
1.0224E+18,SEXIST
1.03377E+18,NON_SEXIST
1.06092E+18,SEXIST
1.03531E+18,NON_SEXIST
1.01806E+18,NON_SEXIST
1.07225E+18,NON_SEXIST
1.01754E+18,NON_SEXIST
1.02955E+18,NON_SEXIST
1.06066E+18,NON_SEXIST
1.06861E+18,NON_SEXIST
1.03779E+18,NON_SEXIST
1.02006E+18,NON_SEXIST
1.05776E+18,SEXIST
1.02432E+18,SEXIST
1.05043E+18,NON_SEXIST
1.01717E+18,NON_SEXIST
1.01645E+18,NON_SEXIST
1.02949E+18,SEXIST
1.06719E+18,NON_SEXIST
1.01626E+18,SEXIST
1.01562E+18,NON_SEXIST
1.04721E+18,NON_SEXIST
1.07552E+18,NON_SEXIST
1.03446E+18,NON_SEXIST
1.02086E+18,NON_SEXIST
1.07345E+18,SEXIST
1.06289E+18,DOUBTFUL
1.06032E+18,SEXIST
1.04423E+18,SEXIST
1.0353E+18,NON_SEXIST
1.03023E+18,NON_SEXIST
1.04286E+18,NON_SEXIST
1.06935E+18,NON_SEXIST
1.03699E+18,NON_SEXIST
1.05373E+18,SEXIST
1.03746E+18,NON_SEXIST
1.07875E+18,NON_SEXIST
1.02439E+18,NON_SEXIST
1.04546E+18,SEXIST
1.03411E+18,NON_SEXIST
1.03418E+18,NON_SEXIST
1.07517E+18,NON_SEXIST
1.019E+18,SEXIST
1.01649E+18,NON_SEXIST
1.05782E+18,SEXIST
1.06784E+18,NON_SEXIST
1.0567E+18,NON_SEXIST
1.04941E+18,SEXIST
1.07316E+18,NON_SEXIST
1.01654E+18,SEXIST
1.05001E+18,NON_SEXIST
1.02006E+18,SEXIST
1.06869E+18,NON_SEXIST
1.05285E+18,SEXIST
1.0749E+18,SEXIST
1.04113E+18,NON_SEXIST
1.07883E+18,NON_SEXIST
1.05384E+18,SEXIST
1.07542E+18,SEXIST
1.0174E+18,NON_SEXIST
1.02018E+18,NON_SEXIST
1.02442E+18,NON_SEXIST
1.03308E+18,SEXIST
1.05236E+18,NON_SEXIST
1.02377E+18,NON_SEXIST
1.06002E+18,NON_SEXIST
1.06418E+18,NON_SEXIST
1.04424E+18,DOUBTFUL
1.05258E+18,DOUBTFUL
1.05317E+18,SEXIST
1.01973E+18,DOUBTFUL
1.02477E+18,NON_SEXIST
1.07672E+18,NON_SEXIST
1.03824E+18,SEXIST
1.05271E+18,NON_SEXIST
1.03498E+18,NON_SEXIST
1.03146E+18,NON_SEXIST
1.0228E+18,NON_SEXIST
1.05303E+18,NON_SEXIST
1.0219E+18,SEXIST
1.07252E+18,NON_SEXIST
1.04468E+18,NON_SEXIST
1.04651E+18,NON_SEXIST
1.02485E+18,NON_SEXIST
1.03426E+18,NON_SEXIST
1.04134E+18,NON_SEXIST
1.02074E+18,NON_SEXIST
1.01932E+18,SEXIST
1.03788E+18,NON_SEXIST
1.05863E+18,NON_SEXIST
1.06721E+18,NON_SEXIST
1.02263E+18,DOUBTFUL
1.0585E+18,NON_SEXIST
1.0174E+18,NON_SEXIST
1.02479E+18,NON_SEXIST
1.02177E+18,SEXIST
1.07508E+18,NON_SEXIST
1.05284E+18,DOUBTFUL
1.03817E+18,NON_SEXIST
1.05557E+18,DOUBTFUL
1.05474E+18,NON_SEXIST
1.05233E+18,NON_SEXIST
1.02264E+18,NON_SEXIST
1.073E+18,SEXIST
1.03465E+18,NON_SEXIST
1.06801E+18,NON_SEXIST
1.03647E+18,SEXIST
1.01573E+18,NON_SEXIST
1.03523E+18,NON_SEXIST
1.02915E+18,SEXIST
1.02915E+18,NON_SEXIST
1.06352E+18,NON_SEXIST
1.02342E+18,SEXIST
1.03286E+18,NON_SEXIST
1.029E+18,NON_SEXIST
1.06306E+18,NON_SEXIST
1.06029E+18,NON_SEXIST
1.03523E+18,DOUBTFUL
1.04428E+18,NON_SEXIST
1.06412E+18,NON_SEXIST
1.06272E+18,NON_SEXIST
1.02281E+18,NON_SEXIST
1.04615E+18,NON_SEXIST
1.02298E+18,SEXIST
1.0387E+18,NON_SEXIST
1.04907E+18,DOUBTFUL
1.03458E+18,NON_SEXIST
1.036E+18,SEXIST
1.04855E+18,SEXIST
1.07582E+18,DOUBTFUL
1.04181E+18,NON_SEXIST
1.04465E+18,NON_SEXIST
1.07919E+18,NON_SEXIST
1.03661E+18,SEXIST
1.02922E+18,NON_SEXIST
1.05284E+18,NON_SEXIST
1.06798E+18,NON_SEXIST
1.02369E+18,SEXIST
1.02325E+18,NON_SEXIST
1.02354E+18,DOUBTFUL
1.05885E+18,NON_SEXIST
1.01499E+18,NON_SEXIST
1.01742E+18,SEXIST
1.06459E+18,NON_SEXIST
1.0241E+18,SEXIST
1.02943E+18,NON_SEXIST
1.07029E+18,NON_SEXIST
1.04471E+18,NON_SEXIST
1.06319E+18,SEXIST
1.07296E+18,SEXIST
1.07571E+18,SEXIST
1.01425E+18,NON_SEXIST
1.06571E+18,NON_SEXIST
1.05775E+18,NON_SEXIST
1.01996E+18,SEXIST
1.04291E+18,SEXIST
1.0739E+18,SEXIST
1.06541E+18,NON_SEXIST
1.02758E+18,DOUBTFUL
1.01424E+18,NON_SEXIST
1.05833E+18,SEXIST
1.0204E+18,NON_SEXIST
1.07435E+18,SEXIST
1.06247E+18,NON_SEXIST
1.07293E+18,SEXIST
1.01888E+18,SEXIST
1.06182E+18,NON_SEXIST
1.02757E+18,NON_SEXIST
1.02697E+18,NON_SEXIST
1.06669E+18,NON_SEXIST
1.03929E+18,SEXIST
1.01919E+18,NON_SEXIST
1.04121E+18,SEXIST
1.01466E+18,NON_SEXIST
1.05234E+18,SEXIST
1.06014E+18,NON_SEXIST
1.04406E+18,SEXIST
1.03314E+18,NON_SEXIST
1.06375E+18,NON_SEXIST
1.02187E+18,NON_SEXIST
1.06175E+18,NON_SEXIST
1.02486E+18,NON_SEXIST
1.06262E+18,NON_SEXIST
1.03441E+18,NON_SEXIST
1.0469E+18,SEXIST
1.01928E+18,SEXIST
1.02477E+18,NON_SEXIST
1.05839E+18,NON_SEXIST
1.05684E+18,SEXIST
1.04901E+18,NON_SEXIST
1.06755E+18,NON_SEXIST
1.02516E+18,NON_SEXIST
1.07502E+18,SEXIST
1.0654E+18,DOUBTFUL
1.06466E+18,DOUBTFUL
1.05513E+18,NON_SEXIST
1.01427E+18,NON_SEXIST
1.03196E+18,SEXIST
1.03459E+18,DOUBTFUL
1.06867E+18,SEXIST
1.07459E+18,SEXIST
1.01616E+18,NON_SEXIST
1.02497E+18,SEXIST
1.07472E+18,SEXIST
1.05771E+18,NON_SEXIST
1.05947E+18,NON_SEXIST
1.03413E+18,DOUBTFUL
1.02962E+18,NON_SEXIST
1.03747E+18,NON_SEXIST
1.04036E+18,SEXIST
1.01854E+18,NON_SEXIST
1.0396E+18,NON_SEXIST
1.03096E+18,SEXIST
1.05268E+18,SEXIST
1.04582E+18,NON_SEXIST
1.02431E+18,NON_SEXIST
1.05469E+18,SEXIST
1.03766E+18,NON_SEXIST
1.04461E+18,NON_SEXIST
1.06508E+18,NON_SEXIST
1.07343E+18,NON_SEXIST
1.03033E+18,NON_SEXIST
1.07687E+18,NON_SEXIST
1.04682E+18,NON_SEXIST
1.06135E+18,NON_SEXIST
1.0175E+18,NON_SEXIST
1.01828E+18,NON_SEXIST
1.05405E+18,NON_SEXIST
1.02007E+18,SEXIST
1.02152E+18,NON_SEXIST
1.02727E+18,SEXIST
1.05703E+18,SEXIST
1.03663E+18,SEXIST
1.06905E+18,SEXIST
1.0556E+18,NON_SEXIST
1.02738E+18,NON_SEXIST
1.02295E+18,SEXIST
1.03158E+18,NON_SEXIST
1.0448E+18,NON_SEXIST
1.06429E+18,SEXIST
1.02384E+18,NON_SEXIST
1.02447E+18,SEXIST
1.06274E+18,NON_SEXIST
1.0621E+18,NON_SEXIST
1.03899E+18,NON_SEXIST
1.07102E+18,NON_SEXIST
1.06762E+18,NON_SEXIST
1.05301E+18,NON_SEXIST
1.03377E+18,NON_SEXIST
1.06276E+18,NON_SEXIST
1.07412E+18,NON_SEXIST
1.02142E+18,NON_SEXIST
1.03739E+18,SEXIST
1.06204E+18,NON_SEXIST
1.01868E+18,NON_SEXIST
1.05198E+18,NON_SEXIST
1.03096E+18,NON_SEXIST
1.04491E+18,NON_SEXIST
1.03353E+18,SEXIST
1.03384E+18,SEXIST
1.07866E+18,NON_SEXIST
1.0563E+18,NON_SEXIST
1.0268E+18,SEXIST
1.03853E+18,NON_SEXIST
1.06254E+18,NON_SEXIST
1.05892E+18,NON_SEXIST
1.05696E+18,SEXIST
1.04365E+18,NON_SEXIST
1.03819E+18,DOUBTFUL
1.065E+18,SEXIST
1.01866E+18,SEXIST
1.05497E+18,NON_SEXIST
1.02274E+18,NON_SEXIST
1.0778E+18,NON_SEXIST
1.0417E+18,NON_SEXIST
1.06021E+18,SEXIST
1.04327E+18,SEXIST
1.07011E+18,NON_SEXIST
1.04473E+18,NON_SEXIST
1.07248E+18,NON_SEXIST
1.01573E+18,NON_SEXIST
1.04938E+18,SEXIST
1.01826E+18,SEXIST
1.02687E+18,SEXIST
1.01935E+18,SEXIST
1.05252E+18,NON_SEXIST
1.05365E+18,NON_SEXIST
1.03675E+18,SEXIST
1.02723E+18,SEXIST
1.03458E+18,SEXIST
1.01439E+18,NON_SEXIST
1.06647E+18,DOUBTFUL
1.0518E+18,NON_SEXIST
1.07023E+18,NON_SEXIST
1.01812E+18,NON_SEXIST
1.06687E+18,NON_SEXIST
1.02053E+18,NON_SEXIST
1.02288E+18,NON_SEXIST
1.03241E+18,NON_SEXIST
1.02148E+18,SEXIST
1.05045E+18,NON_SEXIST
1.04256E+18,SEXIST
1.05342E+18,SEXIST
1.0203E+18,SEXIST
1.04147E+18,SEXIST
1.05194E+18,NON_SEXIST
1.06923E+18,NON_SEXIST
1.05814E+18,SEXIST
1.0183E+18,NON_SEXIST
1.02236E+18,NON_SEXIST
1.06189E+18,NON_SEXIST
1.05197E+18,NON_SEXIST
1.03861E+18,NON_SEXIST
1.03654E+18,NON_SEXIST
1.0497E+18,DOUBTFUL
1.06283E+18,NON_SEXIST
1.05112E+18,NON_SEXIST
1.04549E+18,NON_SEXIST
1.06785E+18,NON_SEXIST
1.05447E+18,SEXIST
1.0323E+18,NON_SEXIST
1.04429E+18,NON_SEXIST
1.06974E+18,DOUBTFUL
1.01933E+18,NON_SEXIST
1.02842E+18,NON_SEXIST
1.07364E+18,DOUBTFUL
1.07795E+18,SEXIST
1.03857E+18,DOUBTFUL
1.04531E+18,NON_SEXIST
1.03167E+18,NON_SEXIST
1.01428E+18,SEXIST
1.04581E+18,NON_SEXIST
1.06055E+18,SEXIST
1.07871E+18,NON_SEXIST
1.06937E+18,DOUBTFUL
1.03754E+18,NON_SEXIST
1.04256E+18,NON_SEXIST
1.02586E+18,SEXIST
1.02396E+18,SEXIST
1.04836E+18,SEXIST
1.01442E+18,NON_SEXIST
1.07297E+18,NON_SEXIST
1.06939E+18,NON_SEXIST
1.06352E+18,SEXIST
1.02773E+18,SEXIST
1.06983E+18,SEXIST
1.02738E+18,SEXIST
1.03274E+18,NON_SEXIST
1.0143E+18,SEXIST
1.05052E+18,NON_SEXIST
1.03241E+18,DOUBTFUL
1.02035E+18,NON_SEXIST
1.07373E+18,SEXIST
1.01672E+18,NON_SEXIST
1.05064E+18,NON_SEXIST
1.0443E+18,NON_SEXIST
1.06814E+18,NON_SEXIST
1.03502E+18,SEXIST
1.073E+18,NON_SEXIST
1.04757E+18,SEXIST
1.05764E+18,NON_SEXIST
1.0697E+18,NON_SEXIST
1.06356E+18,SEXIST
1.03878E+18,NON_SEXIST
1.03854E+18,NON_SEXIST
1.07928E+18,NON_SEXIST
1.04146E+18,NON_SEXIST
1.04786E+18,SEXIST
1.03159E+18,SEXIST
1.02151E+18,NON_SEXIST
1.02121E+18,SEXIST
1.04751E+18,NON_SEXIST
1.02148E+18,NON_SEXIST
1.02185E+18,NON_SEXIST
1.03794E+18,NON_SEXIST
1.066E+18,NON_SEXIST
1.04933E+18,SEXIST
1.04625E+18,NON_SEXIST
1.06253E+18,NON_SEXIST
1.05806E+18,SEXIST
1.03398E+18,SEXIST
1.06169E+18,NON_SEXIST
1.07372E+18,SEXIST
1.02917E+18,SEXIST
1.03313E+18,SEXIST
1.05557E+18,SEXIST
1.05476E+18,SEXIST
1.04534E+18,SEXIST
1.05886E+18,NON_SEXIST
1.07918E+18,NON_SEXIST
1.03697E+18,NON_SEXIST
1.07949E+18,NON_SEXIST
1.07649E+18,NON_SEXIST
1.06255E+18,NON_SEXIST
1.07305E+18,SEXIST
1.0679E+18,NON_SEXIST
1.04676E+18,SEXIST
1.07308E+18,SEXIST
1.05075E+18,NON_SEXIST
1.01604E+18,SEXIST
1.06046E+18,NON_SEXIST
1.0427E+18,SEXIST
1.07459E+18,SEXIST
1.04738E+18,NON_SEXIST
1.04251E+18,NON_SEXIST
1.02569E+18,NON_SEXIST
1.03842E+18,NON_SEXIST
1.05566E+18,SEXIST
1.06718E+18,SEXIST
1.02004E+18,SEXIST
1.05669E+18,DOUBTFUL
1.02306E+18,NON_SEXIST
1.01794E+18,NON_SEXIST
1.05015E+18,NON_SEXIST
1.0317E+18,NON_SEXIST
1.04533E+18,SEXIST
1.05516E+18,NON_SEXIST
1.02474E+18,SEXIST
1.05964E+18,SEXIST
1.03852E+18,NON_SEXIST
1.02326E+18,SEXIST
1.0332E+18,SEXIST
1.02184E+18,DOUBTFUL
1.0381E+18,NON_SEXIST
1.04987E+18,NON_SEXIST
1.04275E+18,NON_SEXIST
1.04544E+18,NON_SEXIST
1.06502E+18,NON_SEXIST
1.06748E+18,SEXIST
1.02971E+18,NON_SEXIST
1.03422E+18,SEXIST
1.01863E+18,NON_SEXIST
1.06632E+18,NON_SEXIST
1.06197E+18,NON_SEXIST
1.06094E+18,NON_SEXIST
1.05576E+18,NON_SEXIST
1.06902E+18,SEXIST
1.06627E+18,NON_SEXIST
1.0601E+18,SEXIST
1.04301E+18,SEXIST
1.02461E+18,NON_SEXIST
1.06391E+18,NON_SEXIST
1.03156E+18,DOUBTFUL
1.05231E+18,NON_SEXIST
1.03459E+18,SEXIST
1.05131E+18,SEXIST
1.04904E+18,NON_SEXIST
1.05807E+18,NON_SEXIST
1.04659E+18,DOUBTFUL
1.02788E+18,NON_SEXIST
1.07E+18,NON_SEXIST
1.05855E+18,SEXIST
1.07469E+18,NON_SEXIST
1.03458E+18,DOUBTFUL
1.04252E+18,NON_SEXIST
1.02727E+18,NON_SEXIST
1.0596E+18,NON_SEXIST
1.0765E+18,SEXIST
1.05992E+18,NON_SEXIST
1.01644E+18,NON_SEXIST
1.06863E+18,NON_SEXIST
1.04021E+18,NON_SEXIST
1.02042E+18,SEXIST
1.03893E+18,SEXIST
1.02539E+18,NON_SEXIST
1.02188E+18,SEXIST
1.05777E+18,SEXIST
1.0379E+18,NON_SEXIST
1.05233E+18,NON_SEXIST
1.05295E+18,NON_SEXIST
1.02865E+18,SEXIST
1.05235E+18,SEXIST
1.01623E+18,SEXIST
1.05327E+18,SEXIST
1.02885E+18,SEXIST
1.06279E+18,NON_SEXIST
1.06582E+18,NON_SEXIST
1.07257E+18,DOUBTFUL
1.02334E+18,SEXIST
1.02444E+18,NON_SEXIST
1.06465E+18,NON_SEXIST
1.04864E+18,NON_SEXIST
1.04675E+18,NON_SEXIST
1.03552E+18,NON_SEXIST
1.03773E+18,NON_SEXIST
1.05417E+18,NON_SEXIST
1.04964E+18,NON_SEXIST
1.05223E+18,SEXIST
1.02077E+18,NON_SEXIST
1.04503E+18,SEXIST
1.07184E+18,NON_SEXIST
1.02875E+18,DOUBTFUL
1.02089E+18,NON_SEXIST
1.03584E+18,SEXIST
1.04108E+18,NON_SEXIST
1.04515E+18,NON_SEXIST
1.02763E+18,NON_SEXIST
1.04721E+18,NON_SEXIST
1.01935E+18,SEXIST
1.07272E+18,NON_SEXIST
1.02804E+18,NON_SEXIST
1.04756E+18,NON_SEXIST
1.06292E+18,NON_SEXIST
1.0205E+18,NON_SEXIST
1.03028E+18,DOUBTFUL
1.05546E+18,SEXIST
1.02252E+18,SEXIST
1.04535E+18,SEXIST
1.06709E+18,NON_SEXIST
1.03494E+18,DOUBTFUL
1.07844E+18,NON_SEXIST
1.0276E+18,SEXIST
1.05266E+18,DOUBTFUL
1.0269E+18,NON_SEXIST
1.02906E+18,DOUBTFUL
1.0335E+18,SEXIST
1.04319E+18,NON_SEXIST
1.07737E+18,NON_SEXIST
1.03848E+18,SEXIST
1.07775E+18,NON_SEXIST
1.07157E+18,NON_SEXIST
1.02212E+18,NON_SEXIST
1.02249E+18,SEXIST
1.05228E+18,NON_SEXIST
1.06161E+18,NON_SEXIST
1.07477E+18,DOUBTFUL
1.04725E+18,NON_SEXIST
1.07515E+18,NON_SEXIST
1.02911E+18,SEXIST
1.01972E+18,SEXIST
1.06924E+18,NON_SEXIST
1.0237E+18,SEXIST
1.05186E+18,NON_SEXIST
1.07384E+18,NON_SEXIST
1.07869E+18,NON_SEXIST
1.0487E+18,NON_SEXIST
1.03244E+18,NON_SEXIST
1.05886E+18,NON_SEXIST
1.04318E+18,NON_SEXIST
1.0558E+18,NON_SEXIST
1.05088E+18,SEXIST
1.03379E+18,SEXIST
1.0527E+18,NON_SEXIST
1.01752E+18,NON_SEXIST
1.03372E+18,NON_SEXIST
1.04708E+18,NON_SEXIST
1.05508E+18,SEXIST
1.05567E+18,NON_SEXIST
1.05995E+18,SEXIST
1.05921E+18,SEXIST
1.05887E+18,SEXIST
1.0505E+18,SEXIST
1.04824E+18,SEXIST
1.05923E+18,SEXIST
1.03793E+18,NON_SEXIST
1.03338E+18,DOUBTFUL
1.03983E+18,SEXIST
1.07001E+18,SEXIST
1.03706E+18,SEXIST
1.02025E+18,SEXIST
1.04795E+18,NON_SEXIST
1.05552E+18,SEXIST
1.06248E+18,NON_SEXIST
1.05772E+18,DOUBTFUL
1.04811E+18,NON_SEXIST
1.07339E+18,SEXIST
1.0661E+18,NON_SEXIST
1.05157E+18,NON_SEXIST
1.06283E+18,SEXIST
1.03383E+18,NON_SEXIST
1.07399E+18,SEXIST
1.06681E+18,NON_SEXIST
1.04973E+18,SEXIST
1.03386E+18,NON_SEXIST
1.07109E+18,SEXIST
1.03818E+18,NON_SEXIST
1.06052E+18,DOUBTFUL
1.01683E+18,SEXIST
1.03916E+18,SEXIST
1.02509E+18,SEXIST
1.02732E+18,SEXIST
1.02044E+18,DOUBTFUL
1.04188E+18,DOUBTFUL
1.03296E+18,NON_SEXIST
1.01564E+18,NON_SEXIST
1.0375E+18,NON_SEXIST
1.06248E+18,NON_SEXIST
1.05756E+18,SEXIST
1.07615E+18,SEXIST
1.03238E+18,SEXIST
1.06784E+18,SEXIST
1.04833E+18,SEXIST
1.02509E+18,NON_SEXIST
1.05718E+18,SEXIST
1.06673E+18,NON_SEXIST
1.06776E+18,SEXIST
1.0567E+18,NON_SEXIST
1.05924E+18,NON_SEXIST
1.04471E+18,SEXIST
1.05192E+18,NON_SEXIST
1.06998E+18,NON_SEXIST
1.03485E+18,NON_SEXIST
1.01722E+18,NON_SEXIST
1.06271E+18,SEXIST
1.06465E+18,NON_SEXIST
1.0509E+18,SEXIST
1.02652E+18,NON_SEXIST
1.07523E+18,DOUBTFUL
1.03593E+18,NON_SEXIST
1.06747E+18,NON_SEXIST
1.04546E+18,NON_SEXIST
1.03638E+18,NON_SEXIST
1.04676E+18,NON_SEXIST
1.07293E+18,NON_SEXIST
1.03127E+18,NON_SEXIST
1.05182E+18,NON_SEXIST
1.07572E+18,NON_SEXIST
1.04144E+18,NON_SEXIST
1.01434E+18,NON_SEXIST
1.06884E+18,SEXIST
1.0743E+18,NON_SEXIST
1.04795E+18,NON_SEXIST
1.07016E+18,NON_SEXIST
1.04474E+18,NON_SEXIST
1.03814E+18,NON_SEXIST
1.03418E+18,NON_SEXIST
1.02222E+18,SEXIST
1.06458E+18,NON_SEXIST
1.03268E+18,SEXIST
1.04969E+18,NON_SEXIST
1.03691E+18,NON_SEXIST
1.03994E+18,NON_SEXIST
1.07659E+18,NON_SEXIST
1.0498E+18,SEXIST
1.03313E+18,SEXIST
1.04863E+18,NON_SEXIST
1.0304E+18,NON_SEXIST
1.01608E+18,NON_SEXIST
1.077E+18,SEXIST
1.05522E+18,NON_SEXIST
1.0342E+18,SEXIST
1.07473E+18,SEXIST
1.05124E+18,NON_SEXIST
1.05804E+18,NON_SEXIST
1.06934E+18,SEXIST
1.06761E+18,SEXIST
1.07287E+18,SEXIST
1.02795E+18,SEXIST
1.02517E+18,NON_SEXIST
1.04686E+18,NON_SEXIST
1.01745E+18,NON_SEXIST
1.02416E+18,NON_SEXIST
1.02318E+18,SEXIST
1.03747E+18,NON_SEXIST
1.03514E+18,NON_SEXIST
1.0587E+18,NON_SEXIST
1.03417E+18,NON_SEXIST
1.05737E+18,NON_SEXIST
1.04086E+18,NON_SEXIST
1.06892E+18,NON_SEXIST
1.02338E+18,NON_SEXIST
1.02879E+18,NON_SEXIST
1.07793E+18,DOUBTFUL
1.06765E+18,NON_SEXIST
1.05804E+18,NON_SEXIST
1.06283E+18,SEXIST
1.0339E+18,NON_SEXIST
1.07927E+18,SEXIST
1.04136E+18,SEXIST
1.01824E+18,NON_SEXIST
1.05477E+18,NON_SEXIST
1.0344E+18,SEXIST
1.03057E+18,SEXIST
1.04097E+18,NON_SEXIST
1.02254E+18,NON_SEXIST
1.05229E+18,NON_SEXIST
1.04326E+18,NON_SEXIST
1.03305E+18,SEXIST
1.029E+18,NON_SEXIST
1.02674E+18,SEXIST
1.02553E+18,NON_SEXIST
1.04648E+18,SEXIST
1.0445E+18,SEXIST
1.07834E+18,NON_SEXIST
1.01971E+18,NON_SEXIST
1.05447E+18,SEXIST
1.04946E+18,NON_SEXIST
1.04327E+18,NON_SEXIST
1.06682E+18,SEXIST
1.06275E+18,DOUBTFUL
1.06421E+18,NON_SEXIST
1.05232E+18,NON_SEXIST
1.05612E+18,NON_SEXIST
1.07357E+18,SEXIST
1.03122E+18,SEXIST
1.07158E+18,NON_SEXIST
1.06683E+18,SEXIST
1.0754E+18,NON_SEXIST
1.02939E+18,SEXIST
1.05485E+18,SEXIST
1.07008E+18,SEXIST
1.05994E+18,NON_SEXIST
1.07449E+18,NON_SEXIST
1.04939E+18,SEXIST
1.02115E+18,NON_SEXIST
1.07403E+18,DOUBTFUL
1.05403E+18,DOUBTFUL
1.02189E+18,DOUBTFUL
1.02877E+18,NON_SEXIST
1.05266E+18,NON_SEXIST
1.07798E+18,SEXIST
1.06094E+18,SEXIST
1.04968E+18,SEXIST
1.05378E+18,NON_SEXIST
1.05089E+18,NON_SEXIST
1.02416E+18,SEXIST
1.05087E+18,NON_SEXIST
1.02949E+18,NON_SEXIST
1.04712E+18,NON_SEXIST
1.07653E+18,NON_SEXIST
1.03386E+18,NON_SEXIST
1.02661E+18,SEXIST
1.03417E+18,SEXIST
1.03643E+18,NON_SEXIST
1.04493E+18,NON_SEXIST
1.06139E+18,NON_SEXIST
1.07003E+18,NON_SEXIST
1.04363E+18,SEXIST
1.01791E+18,NON_SEXIST
1.01362E+18,NON_SEXIST
1.04605E+18,NON_SEXIST
1.01357E+18,SEXIST
1.03492E+18,SEXIST
1.03592E+18,NON_SEXIST
1.05015E+18,NON_SEXIST
1.03266E+18,NON_SEXIST
1.02697E+18,NON_SEXIST
1.0295E+18,SEXIST
1.07004E+18,NON_SEXIST
1.0587E+18,NON_SEXIST
1.07387E+18,SEXIST
1.05132E+18,NON_SEXIST
1.01419E+18,NON_SEXIST
1.07266E+18,NON_SEXIST
1.0488E+18,NON_SEXIST
1.03276E+18,NON_SEXIST
1.03747E+18,SEXIST
1.05053E+18,DOUBTFUL
1.03429E+18,SEXIST
1.01645E+18,NON_SEXIST
1.06677E+18,NON_SEXIST
1.07467E+18,NON_SEXIST
1.02221E+18,DOUBTFUL
1.03931E+18,NON_SEXIST
1.06568E+18,NON_SEXIST
1.04542E+18,NON_SEXIST
1.03129E+18,DOUBTFUL
1.03566E+18,SEXIST
1.06627E+18,NON_SEXIST
1.06812E+18,SEXIST
1.05668E+18,SEXIST
1.01323E+18,SEXIST
1.03746E+18,DOUBTFUL
1.05483E+18,NON_SEXIST
1.03996E+18,SEXIST
1.0759E+18,NON_SEXIST
1.06036E+18,SEXIST
1.02882E+18,SEXIST
1.06167E+18,NON_SEXIST
1.05723E+18,NON_SEXIST
1.02964E+18,DOUBTFUL
1.02161E+18,SEXIST
1.0465E+18,SEXIST
1.03494E+18,SEXIST
1.0563E+18,SEXIST
1.03859E+18,SEXIST
1.04349E+18,NON_SEXIST
1.06437E+18,NON_SEXIST
1.05089E+18,SEXIST
1.05842E+18,NON_SEXIST
1.04679E+18,NON_SEXIST
1.05269E+18,SEXIST
1.05746E+18,NON_SEXIST
1.02216E+18,NON_SEXIST
1.03639E+18,NON_SEXIST
1.0245E+18,NON_SEXIST
1.04529E+18,NON_SEXIST
1.01678E+18,DOUBTFUL
1.03448E+18,NON_SEXIST
1.05004E+18,NON_SEXIST
1.0731E+18,NON_SEXIST
1.04852E+18,NON_SEXIST
1.05742E+18,SEXIST
1.03816E+18,NON_SEXIST
1.07289E+18,NON_SEXIST
1.07405E+18,SEXIST
1.04396E+18,NON_SEXIST
1.06086E+18,NON_SEXIST
1.03989E+18,DOUBTFUL
1.06067E+18,SEXIST
1.04493E+18,DOUBTFUL
1.04039E+18,DOUBTFUL
1.06744E+18,NON_SEXIST
1.05483E+18,DOUBTFUL
1.04802E+18,NON_SEXIST
1.07258E+18,DOUBTFUL
1.03349E+18,NON_SEXIST
1.04545E+18,SEXIST
1.02182E+18,NON_SEXIST
1.06276E+18,DOUBTFUL
1.06967E+18,SEXIST
1.06146E+18,NON_SEXIST
1.02988E+18,SEXIST
1.03712E+18,NON_SEXIST
1.06683E+18,NON_SEXIST
1.04806E+18,NON_SEXIST
1.04368E+18,NON_SEXIST
1.02954E+18,NON_SEXIST
1.0216E+18,SEXIST
1.06318E+18,NON_SEXIST
1.0281E+18,NON_SEXIST
1.03913E+18,SEXIST
1.04836E+18,NON_SEXIST
1.04543E+18,NON_SEXIST
1.01683E+18,SEXIST
1.03486E+18,NON_SEXIST
1.07592E+18,SEXIST
1.04694E+18,NON_SEXIST
1.05516E+18,SEXIST
1.0543E+18,SEXIST
1.06688E+18,NON_SEXIST
1.0353E+18,DOUBTFUL
1.01951E+18,NON_SEXIST
1.03229E+18,SEXIST
1.06062E+18,NON_SEXIST
1.0418E+18,NON_SEXIST
1.05882E+18,DOUBTFUL
1.02426E+18,NON_SEXIST
1.05478E+18,NON_SEXIST
1.05386E+18,SEXIST
1.05734E+18,NON_SEXIST
1.0168E+18,NON_SEXIST
1.06197E+18,NON_SEXIST
1.03731E+18,DOUBTFUL
1.01464E+18,SEXIST
1.01347E+18,NON_SEXIST
1.02625E+18,NON_SEXIST
1.01461E+18,NON_SEXIST
1.02829E+18,SEXIST
1.04763E+18,NON_SEXIST
1.06394E+18,NON_SEXIST
1.04834E+18,NON_SEXIST
1.02837E+18,NON_SEXIST
1.07648E+18,DOUBTFUL
1.04364E+18,SEXIST
1.07549E+18,NON_SEXIST
1.0421E+18,SEXIST
1.05037E+18,NON_SEXIST
1.02666E+18,SEXIST
1.02665E+18,NON_SEXIST
1.02151E+18,NON_SEXIST
1.04011E+18,DOUBTFUL
1.02478E+18,NON_SEXIST
1.04029E+18,DOUBTFUL
1.02033E+18,NON_SEXIST
1.02373E+18,NON_SEXIST
1.02136E+18,SEXIST
1.01716E+18,NON_SEXIST
1.07883E+18,NON_SEXIST
1.03927E+18,SEXIST
1.02334E+18,DOUBTFUL
1.03476E+18,SEXIST
1.0532E+18,NON_SEXIST
1.03188E+18,NON_SEXIST
1.06714E+18,NON_SEXIST
1.05868E+18,NON_SEXIST
1.03709E+18,NON_SEXIST
1.04456E+18,NON_SEXIST
1.07194E+18,DOUBTFUL
1.03691E+18,SEXIST
1.07591E+18,NON_SEXIST
1.0692E+18,NON_SEXIST
1.04709E+18,NON_SEXIST
1.01461E+18,NON_SEXIST
1.06869E+18,NON_SEXIST
1.02465E+18,NON_SEXIST
1.03448E+18,NON_SEXIST
1.04595E+18,SEXIST
1.06192E+18,NON_SEXIST
1.04844E+18,NON_SEXIST
1.0147E+18,NON_SEXIST
1.03971E+18,NON_SEXIST
1.03539E+18,SEXIST
1.03458E+18,SEXIST
1.02514E+18,SEXIST
1.03295E+18,NON_SEXIST
1.05366E+18,SEXIST
1.0422E+18,NON_SEXIST
1.04097E+18,SEXIST
1.06721E+18,NON_SEXIST
1.07235E+18,SEXIST
1.07516E+18,SEXIST
1.064E+18,DOUBTFUL
1.03807E+18,NON_SEXIST
1.02612E+18,NON_SEXIST
1.02817E+18,NON_SEXIST
1.01502E+18,NON_SEXIST
1.05849E+18,SEXIST
1.05925E+18,NON_SEXIST
1.0189E+18,DOUBTFUL
1.0218E+18,NON_SEXIST
1.02661E+18,NON_SEXIST
1.04579E+18,SEXIST
1.02267E+18,SEXIST
1.0451E+18,NON_SEXIST
1.0602E+18,SEXIST
1.02146E+18,NON_SEXIST
1.06306E+18,NON_SEXIST
1.04451E+18,SEXIST
1.02188E+18,SEXIST
1.06217E+18,SEXIST
1.02841E+18,NON_SEXIST
1.03444E+18,NON_SEXIST
1.03756E+18,DOUBTFUL
1.05371E+18,SEXIST
1.04759E+18,NON_SEXIST
1.04176E+18,SEXIST
1.06521E+18,SEXIST
1.01935E+18,SEXIST
1.06567E+18,SEXIST
1.06023E+18,NON_SEXIST
1.02508E+18,NON_SEXIST
1.07284E+18,NON_SEXIST
1.03819E+18,SEXIST
1.02153E+18,SEXIST
1.05143E+18,SEXIST
1.02475E+18,NON_SEXIST
1.0607E+18,NON_SEXIST
1.05016E+18,NON_SEXIST
1.02468E+18,SEXIST
1.04935E+18,DOUBTFUL
1.03338E+18,NON_SEXIST
1.05052E+18,SEXIST
1.05596E+18,NON_SEXIST
1.07032E+18,DOUBTFUL
1.07185E+18,SEXIST
1.05628E+18,NON_SEXIST
1.02851E+18,SEXIST
1.04473E+18,SEXIST
1.02434E+18,NON_SEXIST
1.01629E+18,SEXIST
1.04258E+18,SEXIST
1.04608E+18,SEXIST
1.06777E+18,NON_SEXIST
1.07816E+18,NON_SEXIST
1.06562E+18,NON_SEXIST
1.03304E+18,NON_SEXIST
1.07887E+18,NON_SEXIST
1.02548E+18,NON_SEXIST
1.07391E+18,SEXIST
1.03577E+18,NON_SEXIST
1.05412E+18,SEXIST
1.05127E+18,DOUBTFUL
1.02586E+18,NON_SEXIST
1.02481E+18,NON_SEXIST
1.06281E+18,SEXIST
1.02798E+18,NON_SEXIST
1.05228E+18,NON_SEXIST
1.0735E+18,NON_SEXIST
1.07559E+18,NON_SEXIST
1.07228E+18,NON_SEXIST
1.05273E+18,NON_SEXIST
1.05695E+18,NON_SEXIST
1.02952E+18,DOUBTFUL
1.05813E+18,NON_SEXIST
1.02191E+18,NON_SEXIST
1.04821E+18,SEXIST
1.04007E+18,DOUBTFUL
1.0687E+18,SEXIST
1.0312E+18,NON_SEXIST
1.04827E+18,SEXIST
1.01604E+18,NON_SEXIST
1.0266E+18,NON_SEXIST
1.06212E+18,NON_SEXIST
1.05882E+18,NON_SEXIST
1.06221E+18,NON_SEXIST
1.05683E+18,SEXIST
1.05648E+18,SEXIST
1.06102E+18,NON_SEXIST
1.05955E+18,SEXIST
1.06582E+18,NON_SEXIST
1.06086E+18,NON_SEXIST
1.06754E+18,NON_SEXIST
1.02533E+18,NON_SEXIST
1.06709E+18,SEXIST
1.02988E+18,NON_SEXIST
1.05247E+18,SEXIST
1.05856E+18,SEXIST
1.02516E+18,SEXIST
1.03623E+18,SEXIST
1.04233E+18,NON_SEXIST
1.05366E+18,NON_SEXIST
1.0389E+18,NON_SEXIST
1.03302E+18,NON_SEXIST
1.01346E+18,NON_SEXIST
1.07877E+18,NON_SEXIST
1.01863E+18,SEXIST
1.05276E+18,DOUBTFUL
1.03096E+18,NON_SEXIST
1.04581E+18,NON_SEXIST
1.05138E+18,NON_SEXIST
1.02252E+18,NON_SEXIST
1.05268E+18,NON_SEXIST
1.07132E+18,NON_SEXIST
1.06064E+18,NON_SEXIST
1.06212E+18,SEXIST
1.07333E+18,SEXIST
1.05185E+18,DOUBTFUL
1.05034E+18,NON_SEXIST
1.06505E+18,NON_SEXIST
1.07633E+18,NON_SEXIST
1.04791E+18,SEXIST
1.04252E+18,NON_SEXIST
1.06784E+18,NON_SEXIST
1.07119E+18,SEXIST
1.06419E+18,SEXIST
1.04664E+18,DOUBTFUL
1.05355E+18,SEXIST
1.04145E+18,NON_SEXIST
1.04283E+18,NON_SEXIST
1.02727E+18,NON_SEXIST
1.03479E+18,SEXIST
1.02814E+18,NON_SEXIST
1.01516E+18,NON_SEXIST
1.04942E+18,NON_SEXIST
1.056E+18,SEXIST
1.03293E+18,NON_SEXIST
1.06566E+18,NON_SEXIST
1.05379E+18,SEXIST
1.07246E+18,NON_SEXIST
1.06925E+18,NON_SEXIST
1.02464E+18,NON_SEXIST
1.05756E+18,NON_SEXIST
1.07913E+18,SEXIST
1.04949E+18,SEXIST
1.02625E+18,SEXIST
1.06955E+18,NON_SEXIST
1.03766E+18,SEXIST
1.0403E+18,NON_SEXIST
1.03384E+18,SEXIST
1.01984E+18,NON_SEXIST
1.05704E+18,NON_SEXIST
1.01322E+18,NON_SEXIST
1.06325E+18,SEXIST
1.01595E+18,SEXIST
1.02226E+18,NON_SEXIST
1.07615E+18,NON_SEXIST
1.06653E+18,NON_SEXIST
1.05282E+18,SEXIST
1.04061E+18,NON_SEXIST
1.04946E+18,SEXIST
1.05357E+18,NON_SEXIST
1.04471E+18,NON_SEXIST
1.03567E+18,SEXIST
1.01716E+18,NON_SEXIST
1.07302E+18,SEXIST
1.06627E+18,NON_SEXIST
1.02335E+18,NON_SEXIST
1.07885E+18,SEXIST
1.05023E+18,NON_SEXIST
1.06172E+18,NON_SEXIST
1.02141E+18,NON_SEXIST
1.01762E+18,SEXIST
1.0679E+18,SEXIST
1.01323E+18,NON_SEXIST
1.03371E+18,NON_SEXIST
1.01934E+18,NON_SEXIST
1.03888E+18,SEXIST
1.02951E+18,NON_SEXIST
1.02761E+18,NON_SEXIST
1.04393E+18,NON_SEXIST
1.02033E+18,NON_SEXIST
1.05328E+18,SEXIST
1.02806E+18,NON_SEXIST
1.06533E+18,NON_SEXIST
1.02589E+18,SEXIST
1.04664E+18,NON_SEXIST
1.02155E+18,NON_SEXIST
1.06616E+18,SEXIST
1.0619E+18,NON_SEXIST
1.0614E+18,DOUBTFUL
1.07377E+18,SEXIST
1.06527E+18,NON_SEXIST
1.01973E+18,DOUBTFUL
1.07605E+18,NON_SEXIST
1.06284E+18,SEXIST
1.03863E+18,DOUBTFUL
1.07443E+18,NON_SEXIST
1.07474E+18,NON_SEXIST
1.02973E+18,NON_SEXIST
1.02735E+18,NON_SEXIST
1.01609E+18,SEXIST
1.06502E+18,NON_SEXIST
1.03668E+18,NON_SEXIST
1.07706E+18,SEXIST
1.04901E+18,NON_SEXIST
1.06359E+18,SEXIST
1.02369E+18,SEXIST
1.07308E+18,SEXIST
1.02143E+18,SEXIST
1.03471E+18,SEXIST
1.06325E+18,SEXIST
1.048E+18,SEXIST
1.0282E+18,SEXIST
1.03386E+18,NON_SEXIST
1.05487E+18,NON_SEXIST
1.06023E+18,NON_SEXIST
1.02347E+18,NON_SEXIST
1.06535E+18,SEXIST
1.04978E+18,NON_SEXIST
1.07489E+18,NON_SEXIST
1.0178E+18,NON_SEXIST
1.01538E+18,SEXIST
1.05513E+18,NON_SEXIST
1.05777E+18,NON_SEXIST
1.0653E+18,NON_SEXIST
1.05919E+18,NON_SEXIST
1.04679E+18,NON_SEXIST
1.03089E+18,SEXIST
1.02402E+18,DOUBTFUL
1.06392E+18,NON_SEXIST
1.02481E+18,NON_SEXIST
1.02659E+18,NON_SEXIST
1.07831E+18,SEXIST
1.03939E+18,NON_SEXIST
1.06943E+18,SEXIST
1.052E+18,NON_SEXIST
1.04723E+18,NON_SEXIST
1.0541E+18,NON_SEXIST
1.0556E+18,SEXIST
1.03792E+18,NON_SEXIST
1.02948E+18,NON_SEXIST
1.02798E+18,NON_SEXIST
1.05152E+18,DOUBTFUL
1.06754E+18,SEXIST
1.07611E+18,NON_SEXIST
1.02127E+18,SEXIST
1.01752E+18,NON_SEXIST
1.02556E+18,SEXIST
1.02283E+18,SEXIST
1.04317E+18,NON_SEXIST
1.05353E+18,DOUBTFUL
1.04352E+18,SEXIST
1.02831E+18,NON_SEXIST
1.05259E+18,NON_SEXIST
1.03197E+18,NON_SEXIST
1.0252E+18,NON_SEXIST
1.01903E+18,NON_SEXIST
1.04693E+18,NON_SEXIST
1.01519E+18,NON_SEXIST
1.02295E+18,NON_SEXIST
1.02034E+18,NON_SEXIST
1.06462E+18,NON_SEXIST
1.04535E+18,NON_SEXIST
1.02094E+18,NON_SEXIST
1.06716E+18,NON_SEXIST
1.01898E+18,NON_SEXIST
1.02405E+18,NON_SEXIST
1.07943E+18,NON_SEXIST
1.04981E+18,SEXIST
1.01417E+18,NON_SEXIST
1.02981E+18,NON_SEXIST
1.01565E+18,NON_SEXIST
1.01414E+18,NON_SEXIST
1.04251E+18,SEXIST
1.07216E+18,SEXIST
1.07804E+18,SEXIST
1.05448E+18,NON_SEXIST
1.06244E+18,NON_SEXIST
1.06817E+18,SEXIST
1.05237E+18,NON_SEXIST
1.0465E+18,NON_SEXIST
1.05449E+18,SEXIST
1.04761E+18,SEXIST
1.07147E+18,NON_SEXIST
1.02928E+18,NON_SEXIST
1.04508E+18,SEXIST
1.06028E+18,NON_SEXIST
1.078E+18,SEXIST
1.05377E+18,NON_SEXIST
1.02973E+18,NON_SEXIST
1.04507E+18,NON_SEXIST
1.02325E+18,SEXIST
1.06393E+18,SEXIST
1.07331E+18,DOUBTFUL
1.07006E+18,NON_SEXIST
1.04624E+18,NON_SEXIST
1.06583E+18,NON_SEXIST
1.0587E+18,SEXIST
1.02073E+18,DOUBTFUL
1.02734E+18,SEXIST
1.01815E+18,NON_SEXIST
1.07122E+18,SEXIST
1.07475E+18,NON_SEXIST
1.04255E+18,SEXIST
1.025E+18,SEXIST
1.04125E+18,SEXIST
1.04766E+18,SEXIST
1.0447E+18,NON_SEXIST
1.02949E+18,NON_SEXIST
1.06072E+18,SEXIST
1.06101E+18,SEXIST
1.04319E+18,NON_SEXIST
1.05938E+18,SEXIST
1.02017E+18,NON_SEXIST
1.03756E+18,NON_SEXIST
1.03534E+18,NON_SEXIST
1.016E+18,NON_SEXIST
1.05485E+18,NON_SEXIST
1.05234E+18,DOUBTFUL
1.02622E+18,DOUBTFUL
1.07343E+18,SEXIST
1.03989E+18,NON_SEXIST
1.04551E+18,NON_SEXIST
1.06132E+18,NON_SEXIST
1.01698E+18,NON_SEXIST
1.07165E+18,SEXIST
1.01973E+18,NON_SEXIST
1.02739E+18,SEXIST
1.06965E+18,DOUBTFUL
1.02598E+18,NON_SEXIST
1.02301E+18,NON_SEXIST
1.06025E+18,SEXIST
1.06994E+18,NON_SEXIST
1.04497E+18,NON_SEXIST
1.0309E+18,NON_SEXIST
1.05236E+18,SEXIST
1.06309E+18,SEXIST
1.04111E+18,NON_SEXIST
1.07283E+18,NON_SEXIST
1.07904E+18,DOUBTFUL
1.06774E+18,SEXIST
1.06629E+18,NON_SEXIST
1.04144E+18,NON_SEXIST
1.07832E+18,NON_SEXIST
1.06275E+18,NON_SEXIST
1.07828E+18,SEXIST
1.02231E+18,NON_SEXIST
1.01764E+18,NON_SEXIST
1.03188E+18,NON_SEXIST
1.05257E+18,NON_SEXIST
1.05947E+18,NON_SEXIST
1.07586E+18,SEXIST
1.03422E+18,NON_SEXIST
1.05912E+18,DOUBTFUL
1.06433E+18,DOUBTFUL
1.05018E+18,DOUBTFUL
1.01429E+18,SEXIST
1.04189E+18,NON_SEXIST
1.02079E+18,NON_SEXIST
1.04854E+18,NON_SEXIST
1.05742E+18,NON_SEXIST
1.01805E+18,NON_SEXIST
1.0563E+18,SEXIST
1.05159E+18,NON_SEXIST
1.06546E+18,DOUBTFUL
1.04798E+18,NON_SEXIST
1.03827E+18,SEXIST
1.02585E+18,NON_SEXIST
1.03422E+18,NON_SEXIST
1.03643E+18,NON_SEXIST
1.02187E+18,SEXIST
1.01925E+18,NON_SEXIST
1.0313E+18,SEXIST
1.02315E+18,NON_SEXIST
1.06805E+18,NON_SEXIST
1.01762E+18,NON_SEXIST
1.03046E+18,NON_SEXIST
1.05091E+18,NON_SEXIST
1.07504E+18,NON_SEXIST
1.03495E+18,SEXIST
1.0259E+18,NON_SEXIST
1.04842E+18,NON_SEXIST
1.0335E+18,NON_SEXIST
1.04291E+18,NON_SEXIST
1.01469E+18,DOUBTFUL
1.02801E+18,NON_SEXIST
1.01826E+18,NON_SEXIST
1.0219E+18,NON_SEXIST
1.05558E+18,SEXIST
1.0214E+18,NON_SEXIST
1.03664E+18,NON_SEXIST
1.05576E+18,NON_SEXIST
1.01828E+18,SEXIST
1.05923E+18,NON_SEXIST
1.01664E+18,NON_SEXIST
1.0524E+18,SEXIST
1.03135E+18,DOUBTFUL
1.03423E+18,NON_SEXIST
1.04119E+18,NON_SEXIST
1.07621E+18,SEXIST
1.03892E+18,NON_SEXIST
1.01683E+18,SEXIST
1.02913E+18,NON_SEXIST
1.01349E+18,SEXIST
1.02213E+18,DOUBTFUL
1.05958E+18,NON_SEXIST
1.01679E+18,NON_SEXIST
1.06755E+18,SEXIST
1.01648E+18,SEXIST
1.01664E+18,NON_SEXIST
1.01569E+18,NON_SEXIST
1.06956E+18,DOUBTFUL
1.01506E+18,NON_SEXIST
1.04582E+18,SEXIST
1.03657E+18,NON_SEXIST
1.04168E+18,DOUBTFUL
1.05387E+18,DOUBTFUL
1.03579E+18,NON_SEXIST
1.01603E+18,NON_SEXIST
1.0197E+18,SEXIST
1.04798E+18,NON_SEXIST
1.01786E+18,NON_SEXIST
1.04707E+18,NON_SEXIST
1.01398E+18,SEXIST
1.05232E+18,NON_SEXIST
1.03136E+18,DOUBTFUL
1.05357E+18,NON_SEXIST
1.06678E+18,DOUBTFUL
1.03412E+18,SEXIST
1.07186E+18,SEXIST
1.05043E+18,NON_SEXIST
1.07849E+18,SEXIST
1.07505E+18,NON_SEXIST
1.06415E+18,NON_SEXIST
1.05415E+18,NON_SEXIST
1.03825E+18,NON_SEXIST
1.03748E+18,NON_SEXIST
1.02061E+18,NON_SEXIST
1.0599E+18,SEXIST
1.01938E+18,DOUBTFUL
1.05198E+18,DOUBTFUL
1.05557E+18,SEXIST
1.03819E+18,DOUBTFUL
1.04989E+18,SEXIST
1.0364E+18,SEXIST
1.02375E+18,SEXIST
1.06265E+18,DOUBTFUL
1.0664E+18,SEXIST
1.01463E+18,NON_SEXIST
1.07551E+18,NON_SEXIST
1.05487E+18,NON_SEXIST
1.01574E+18,NON_SEXIST
1.03359E+18,NON_SEXIST
1.03904E+18,SEXIST
1.0781E+18,SEXIST
1.06004E+18,SEXIST
1.04713E+18,NON_SEXIST
1.02737E+18,DOUBTFUL
1.01708E+18,NON_SEXIST
1.0785E+18,NON_SEXIST
1.05407E+18,SEXIST
1.04653E+18,SEXIST
1.06033E+18,NON_SEXIST
1.05077E+18,SEXIST
1.04145E+18,NON_SEXIST
1.06033E+18,NON_SEXIST
1.01356E+18,NON_SEXIST
1.06539E+18,NON_SEXIST
1.06572E+18,NON_SEXIST
1.04729E+18,DOUBTFUL
1.04897E+18,NON_SEXIST
1.06584E+18,NON_SEXIST
1.06326E+18,NON_SEXIST
1.0161E+18,SEXIST
1.01774E+18,SEXIST
1.05988E+18,NON_SEXIST
1.04142E+18,SEXIST
1.0297E+18,NON_SEXIST
1.04114E+18,DOUBTFUL
1.05153E+18,NON_SEXIST
1.07304E+18,NON_SEXIST
1.02666E+18,SEXIST
1.04035E+18,SEXIST
1.05377E+18,SEXIST
1.0513E+18,SEXIST
1.06793E+18,SEXIST
1.02216E+18,NON_SEXIST
1.02146E+18,NON_SEXIST
1.02531E+18,SEXIST
1.04974E+18,NON_SEXIST
1.0174E+18,SEXIST
1.05276E+18,NON_SEXIST
1.05306E+18,NON_SEXIST
1.04209E+18,SEXIST
1.06134E+18,NON_SEXIST
1.05343E+18,SEXIST
1.06602E+18,NON_SEXIST
1.02407E+18,NON_SEXIST
1.01429E+18,NON_SEXIST
1.04532E+18,NON_SEXIST
1.02044E+18,SEXIST
1.04204E+18,SEXIST
1.01441E+18,SEXIST
1.0595E+18,SEXIST
1.05474E+18,NON_SEXIST
1.02899E+18,NON_SEXIST
1.04102E+18,DOUBTFUL
1.06684E+18,NON_SEXIST
1.02005E+18,SEXIST
1.06598E+18,NON_SEXIST
1.04184E+18,NON_SEXIST
1.01917E+18,SEXIST
1.07195E+18,NON_SEXIST
1.05523E+18,NON_SEXIST
1.01864E+18,NON_SEXIST
1.02041E+18,NON_SEXIST
1.01575E+18,NON_SEXIST
1.04618E+18,SEXIST
1.06425E+18,NON_SEXIST
1.07563E+18,DOUBTFUL
1.06677E+18,NON_SEXIST
1.06313E+18,NON_SEXIST
1.05381E+18,SEXIST
1.06184E+18,DOUBTFUL
1.02189E+18,SEXIST
1.02382E+18,NON_SEXIST
1.03806E+18,NON_SEXIST
1.03384E+18,SEXIST
1.033E+18,NON_SEXIST
1.06425E+18,NON_SEXIST
1.0207E+18,SEXIST
1.06502E+18,NON_SEXIST
1.04355E+18,NON_SEXIST
1.04908E+18,NON_SEXIST
1.02809E+18,NON_SEXIST
1.03921E+18,NON_SEXIST
1.06482E+18,NON_SEXIST
1.01537E+18,DOUBTFUL
1.03959E+18,SEXIST
1.06272E+18,SEXIST
1.01681E+18,NON_SEXIST
1.02372E+18,SEXIST
1.02447E+18,NON_SEXIST
1.06684E+18,SEXIST
1.02938E+18,NON_SEXIST
1.05233E+18,NON_SEXIST
1.05277E+18,SEXIST
1.05305E+18,NON_SEXIST
1.05328E+18,SEXIST
1.01761E+18,SEXIST
1.05911E+18,DOUBTFUL
1.02551E+18,SEXIST
1.05331E+18,NON_SEXIST
1.06425E+18,NON_SEXIST
1.04216E+18,SEXIST
1.06682E+18,NON_SEXIST
1.05741E+18,NON_SEXIST
1.01561E+18,DOUBTFUL
1.03848E+18,SEXIST
1.05595E+18,NON_SEXIST
1.07471E+18,NON_SEXIST
1.05243E+18,DOUBTFUL
1.07477E+18,NON_SEXIST
1.02115E+18,NON_SEXIST
1.03056E+18,SEXIST
1.06792E+18,NON_SEXIST
1.02881E+18,NON_SEXIST
1.07657E+18,SEXIST
1.02516E+18,NON_SEXIST
1.01979E+18,NON_SEXIST
1.06172E+18,NON_SEXIST
1.07114E+18,SEXIST
1.0738E+18,NON_SEXIST
1.0502E+18,SEXIST
1.03601E+18,NON_SEXIST
1.06577E+18,NON_SEXIST
1.02336E+18,SEXIST
1.0634E+18,NON_SEXIST
1.04174E+18,NON_SEXIST
1.06274E+18,NON_SEXIST
1.02552E+18,SEXIST
1.03202E+18,SEXIST
1.02078E+18,NON_SEXIST
1.03382E+18,NON_SEXIST
1.07258E+18,SEXIST
1.06753E+18,SEXIST
1.05687E+18,NON_SEXIST
1.01381E+18,SEXIST
1.05269E+18,NON_SEXIST
1.01742E+18,NON_SEXIST
1.07047E+18,SEXIST
1.01901E+18,NON_SEXIST
1.0447E+18,SEXIST
1.04046E+18,NON_SEXIST
1.01679E+18,NON_SEXIST
1.07079E+18,NON_SEXIST
1.07875E+18,SEXIST
1.0571E+18,NON_SEXIST
1.01466E+18,SEXIST
1.05151E+18,NON_SEXIST
1.07446E+18,NON_SEXIST
1.07376E+18,NON_SEXIST
1.04437E+18,SEXIST
1.03997E+18,NON_SEXIST
1.03023E+18,NON_SEXIST
1.06345E+18,NON_SEXIST
1.04255E+18,SEXIST
1.02443E+18,SEXIST
1.03965E+18,DOUBTFUL
1.0335E+18,NON_SEXIST
1.02697E+18,NON_SEXIST
1.0672E+18,SEXIST
1.04574E+18,SEXIST
1.01846E+18,SEXIST
1.04769E+18,NON_SEXIST
1.04465E+18,NON_SEXIST
1.05872E+18,NON_SEXIST
1.02275E+18,NON_SEXIST
1.01535E+18,NON_SEXIST
1.01971E+18,SEXIST
1.05035E+18,NON_SEXIST
1.02589E+18,SEXIST
1.05375E+18,NON_SEXIST
1.04831E+18,NON_SEXIST
1.04498E+18,NON_SEXIST
1.03783E+18,NON_SEXIST
1.04218E+18,DOUBTFUL
1.07269E+18,SEXIST
1.03676E+18,DOUBTFUL
1.05239E+18,SEXIST
1.03088E+18,NON_SEXIST
1.07479E+18,SEXIST
1.06822E+18,NON_SEXIST
1.03983E+18,NON_SEXIST
1.04183E+18,SEXIST
1.03848E+18,SEXIST
1.02722E+18,NON_SEXIST
1.05363E+18,NON_SEXIST
1.07123E+18,SEXIST
1.01423E+18,NON_SEXIST
1.05198E+18,NON_SEXIST
1.06247E+18,NON_SEXIST
1.066E+18,SEXIST
1.0669E+18,DOUBTFUL
1.01925E+18,NON_SEXIST
1.04931E+18,NON_SEXIST
1.0171E+18,SEXIST
1.02978E+18,NON_SEXIST
1.07617E+18,SEXIST
1.06361E+18,DOUBTFUL
1.06077E+18,NON_SEXIST
1.02465E+18,SEXIST
1.03102E+18,NON_SEXIST
1.05449E+18,NON_SEXIST
1.0751E+18,NON_SEXIST
1.07009E+18,SEXIST
1.01718E+18,SEXIST
1.05492E+18,NON_SEXIST
1.0231E+18,DOUBTFUL
1.03633E+18,NON_SEXIST
1.04081E+18,SEXIST
1.05308E+18,DOUBTFUL
1.07123E+18,SEXIST
1.06213E+18,NON_SEXIST
1.0356E+18,NON_SEXIST
1.0733E+18,NON_SEXIST
1.03391E+18,NON_SEXIST
1.06226E+18,NON_SEXIST
1.05392E+18,SEXIST
1.06358E+18,NON_SEXIST
1.04867E+18,SEXIST
1.06574E+18,NON_SEXIST
1.06108E+18,DOUBTFUL
1.03844E+18,NON_SEXIST
1.0636E+18,NON_SEXIST
1.07118E+18,SEXIST
1.06502E+18,NON_SEXIST
1.05497E+18,SEXIST
1.05806E+18,NON_SEXIST
1.0167E+18,NON_SEXIST
1.0275E+18,NON_SEXIST
1.07676E+18,SEXIST
1.06515E+18,SEXIST
1.0237E+18,SEXIST
1.05596E+18,SEXIST
1.0592E+18,SEXIST
1.07611E+18,NON_SEXIST
1.04619E+18,NON_SEXIST
1.01485E+18,NON_SEXIST
1.06063E+18,SEXIST
1.02845E+18,SEXIST
1.05416E+18,SEXIST
1.06641E+18,SEXIST
1.07851E+18,NON_SEXIST
1.05741E+18,NON_SEXIST
1.03166E+18,NON_SEXIST
1.03604E+18,NON_SEXIST
1.02535E+18,SEXIST
1.02611E+18,SEXIST
1.04592E+18,NON_SEXIST
1.0371E+18,SEXIST
1.0161E+18,SEXIST
1.03495E+18,NON_SEXIST
1.0531E+18,SEXIST
1.07609E+18,SEXIST
1.03764E+18,NON_SEXIST
1.05333E+18,NON_SEXIST
1.03665E+18,NON_SEXIST
1.05552E+18,SEXIST
1.05382E+18,SEXIST
1.02946E+18,NON_SEXIST
1.06282E+18,NON_SEXIST
1.01954E+18,SEXIST
1.0158E+18,NON_SEXIST
1.0643E+18,NON_SEXIST
1.04716E+18,DOUBTFUL
1.02111E+18,NON_SEXIST
1.03422E+18,NON_SEXIST
1.05192E+18,NON_SEXIST
1.04744E+18,NON_SEXIST
1.01497E+18,NON_SEXIST
1.0527E+18,NON_SEXIST
1.02411E+18,SEXIST
1.02696E+18,NON_SEXIST
1.04277E+18,NON_SEXIST
1.01798E+18,DOUBTFUL
1.05782E+18,NON_SEXIST
1.03995E+18,NON_SEXIST
1.01854E+18,NON_SEXIST
1.03731E+18,SEXIST
1.05179E+18,SEXIST
1.05059E+18,NON_SEXIST
1.05741E+18,SEXIST
1.01422E+18,NON_SEXIST
1.05306E+18,NON_SEXIST
1.05006E+18,NON_SEXIST
1.03415E+18,SEXIST
1.04789E+18,SEXIST
1.07074E+18,NON_SEXIST
1.0754E+18,SEXIST
1.06134E+18,SEXIST
1.07213E+18,DOUBTFUL
1.06634E+18,NON_SEXIST
1.04146E+18,NON_SEXIST
1.06825E+18,NON_SEXIST
1.0516E+18,SEXIST
1.03466E+18,NON_SEXIST
1.02697E+18,NON_SEXIST
1.0643E+18,NON_SEXIST
1.07479E+18,SEXIST
1.06571E+18,NON_SEXIST
1.04612E+18,NON_SEXIST
1.02619E+18,DOUBTFUL
1.05059E+18,NON_SEXIST
1.03192E+18,NON_SEXIST
1.03215E+18,NON_SEXIST
1.0251E+18,DOUBTFUL
1.01486E+18,NON_SEXIST
1.06464E+18,NON_SEXIST
1.06548E+18,SEXIST
1.07829E+18,NON_SEXIST
1.06439E+18,NON_SEXIST
1.02769E+18,SEXIST
1.04037E+18,NON_SEXIST
1.06965E+18,NON_SEXIST
1.02216E+18,NON_SEXIST
1.06121E+18,NON_SEXIST
1.02471E+18,NON_SEXIST
1.05883E+18,SEXIST
1.01562E+18,NON_SEXIST
1.03022E+18,SEXIST
1.0704E+18,SEXIST
1.05478E+18,NON_SEXIST
1.0497E+18,SEXIST
1.05656E+18,SEXIST
1.05416E+18,NON_SEXIST
1.06422E+18,DOUBTFUL
1.0151E+18,SEXIST
1.03567E+18,SEXIST
1.01392E+18,NON_SEXIST
1.01696E+18,NON_SEXIST
1.02031E+18,NON_SEXIST
1.01853E+18,SEXIST
1.07592E+18,SEXIST
1.07471E+18,NON_SEXIST
1.0443E+18,NON_SEXIST
1.0335E+18,NON_SEXIST
1.02727E+18,NON_SEXIST
1.0631E+18,SEXIST
1.03337E+18,NON_SEXIST
1.03447E+18,SEXIST
1.01758E+18,SEXIST
1.06342E+18,SEXIST
1.01983E+18,NON_SEXIST
1.01609E+18,NON_SEXIST
1.04178E+18,NON_SEXIST
1.03671E+18,NON_SEXIST
1.06981E+18,DOUBTFUL
1.07871E+18,SEXIST
1.06207E+18,NON_SEXIST
1.053E+18,NON_SEXIST
1.01486E+18,DOUBTFUL
1.03966E+18,NON_SEXIST
1.0335E+18,NON_SEXIST
1.02555E+18,SEXIST
1.033E+18,NON_SEXIST
1.06211E+18,NON_SEXIST
1.01379E+18,SEXIST
1.07248E+18,DOUBTFUL
1.06502E+18,SEXIST
1.05269E+18,SEXIST
1.03986E+18,NON_SEXIST
1.06799E+18,SEXIST
1.04329E+18,SEXIST
1.03313E+18,NON_SEXIST
1.05338E+18,SEXIST
1.01564E+18,SEXIST
1.01649E+18,NON_SEXIST
1.05341E+18,NON_SEXIST
1.03567E+18,SEXIST
1.06794E+18,NON_SEXIST
1.02403E+18,NON_SEXIST
1.05238E+18,NON_SEXIST
1.03415E+18,NON_SEXIST
1.03159E+18,SEXIST
1.02993E+18,NON_SEXIST
1.0669E+18,NON_SEXIST
1.04214E+18,SEXIST
1.02553E+18,NON_SEXIST
1.07788E+18,NON_SEXIST
1.02443E+18,NON_SEXIST
1.05076E+18,NON_SEXIST
1.0208E+18,SEXIST
1.01536E+18,SEXIST
1.01574E+18,SEXIST
1.02511E+18,SEXIST
1.03011E+18,NON_SEXIST
1.06582E+18,NON_SEXIST
1.02952E+18,SEXIST
1.05266E+18,SEXIST
1.06202E+18,NON_SEXIST
1.04507E+18,NON_SEXIST
1.0614E+18,NON_SEXIST
1.02807E+18,NON_SEXIST
1.01592E+18,NON_SEXIST
1.03091E+18,NON_SEXIST
1.06661E+18,NON_SEXIST
1.04182E+18,NON_SEXIST
1.04853E+18,NON_SEXIST
1.0616E+18,SEXIST
1.02424E+18,DOUBTFUL
1.04978E+18,NON_SEXIST
1.07863E+18,SEXIST
1.02757E+18,NON_SEXIST
1.04691E+18,NON_SEXIST
1.01788E+18,NON_SEXIST
1.05123E+18,SEXIST
1.07509E+18,NON_SEXIST
1.02879E+18,SEXIST
1.06755E+18,SEXIST
1.04897E+18,NON_SEXIST
1.0186E+18,NON_SEXIST
1.02156E+18,NON_SEXIST
1.04714E+18,NON_SEXIST
1.05588E+18,DOUBTFUL
1.0324E+18,NON_SEXIST
1.03883E+18,SEXIST
1.02106E+18,NON_SEXIST
1.07374E+18,NON_SEXIST
1.02707E+18,NON_SEXIST
1.04761E+18,DOUBTFUL
1.0614E+18,NON_SEXIST
1.02541E+18,DOUBTFUL
1.0465E+18,SEXIST
1.04935E+18,NON_SEXIST
1.07595E+18,SEXIST
1.07339E+18,SEXIST
1.03945E+18,NON_SEXIST
1.04223E+18,SEXIST
1.01898E+18,DOUBTFUL
1.02509E+18,NON_SEXIST
1.05197E+18,NON_SEXIST
1.03812E+18,NON_SEXIST
1.0607E+18,DOUBTFUL
1.07537E+18,SEXIST
1.07081E+18,NON_SEXIST
1.05776E+18,SEXIST
1.04362E+18,NON_SEXIST
1.05632E+18,NON_SEXIST
1.02385E+18,NON_SEXIST
1.03732E+18,SEXIST
1.02596E+18,SEXIST
1.01794E+18,SEXIST
1.03965E+18,NON_SEXIST
1.05156E+18,SEXIST
1.06703E+18,NON_SEXIST
1.03382E+18,NON_SEXIST
1.07151E+18,SEXIST
1.03732E+18,SEXIST
1.05705E+18,NON_SEXIST
1.03126E+18,NON_SEXIST
1.05844E+18,NON_SEXIST
1.03618E+18,SEXIST
1.06296E+18,NON_SEXIST
1.06502E+18,NON_SEXIST
1.05465E+18,NON_SEXIST
1.05809E+18,NON_SEXIST
1.0447E+18,NON_SEXIST
1.02191E+18,SEXIST
1.04009E+18,SEXIST
1.06297E+18,SEXIST
1.03464E+18,NON_SEXIST
1.07255E+18,SEXIST
1.01625E+18,DOUBTFUL
1.0207E+18,NON_SEXIST
1.02442E+18,SEXIST
1.05446E+18,NON_SEXIST
1.01537E+18,NON_SEXIST
1.05281E+18,SEXIST
1.0295E+18,NON_SEXIST
1.01737E+18,NON_SEXIST
1.04315E+18,SEXIST
1.07294E+18,SEXIST
1.03338E+18,NON_SEXIST
1.03991E+18,NON_SEXIST
1.03159E+18,NON_SEXIST
1.03575E+18,SEXIST
1.03203E+18,SEXIST
1.05159E+18,NON_SEXIST
1.03433E+18,NON_SEXIST
1.05078E+18,NON_SEXIST
1.07013E+18,SEXIST
1.02967E+18,NON_SEXIST
1.06936E+18,NON_SEXIST
1.07562E+18,NON_SEXIST
1.05979E+18,NON_SEXIST
1.03409E+18,SEXIST
1.06572E+18,NON_SEXIST
1.07424E+18,NON_SEXIST
1.04941E+18,NON_SEXIST
1.02846E+18,NON_SEXIST
1.03274E+18,SEXIST
1.0476E+18,DOUBTFUL
1.04533E+18,NON_SEXIST
1.06594E+18,SEXIST
1.0186E+18,NON_SEXIST
1.02695E+18,NON_SEXIST
1.03638E+18,NON_SEXIST
1.04821E+18,NON_SEXIST
1.01394E+18,SEXIST
1.02619E+18,NON_SEXIST
1.02479E+18,DOUBTFUL
1.03156E+18,NON_SEXIST
1.01992E+18,NON_SEXIST
1.0277E+18,SEXIST
1.04722E+18,SEXIST
1.0189E+18,NON_SEXIST
1.02605E+18,SEXIST
1.03675E+18,SEXIST
1.01964E+18,SEXIST
1.05958E+18,NON_SEXIST
1.01908E+18,SEXIST
1.01364E+18,SEXIST
1.04541E+18,SEXIST
1.01547E+18,SEXIST
1.04603E+18,DOUBTFUL
1.0473E+18,NON_SEXIST
1.07221E+18,SEXIST
1.05691E+18,SEXIST
1.07758E+18,NON_SEXIST
1.02479E+18,DOUBTFUL
1.05488E+18,NON_SEXIST
1.04128E+18,SEXIST
1.05257E+18,NON_SEXIST
1.01907E+18,NON_SEXIST
1.06143E+18,SEXIST
1.04659E+18,NON_SEXIST
1.07267E+18,NON_SEXIST
1.0263E+18,NON_SEXIST
1.06028E+18,NON_SEXIST
1.05988E+18,NON_SEXIST
1.05234E+18,DOUBTFUL
1.02985E+18,NON_SEXIST
1.07296E+18,SEXIST
1.0195E+18,NON_SEXIST
1.0231E+18,SEXIST
1.06208E+18,NON_SEXIST
1.06672E+18,NON_SEXIST
1.01789E+18,SEXIST
1.04201E+18,SEXIST
1.05043E+18,NON_SEXIST
1.04471E+18,NON_SEXIST
1.0338E+18,SEXIST
1.03427E+18,NON_SEXIST
1.07066E+18,NON_SEXIST
1.06186E+18,SEXIST
1.03887E+18,NON_SEXIST
1.064E+18,NON_SEXIST
1.06933E+18,NON_SEXIST
1.05839E+18,NON_SEXIST
1.06709E+18,SEXIST
1.02185E+18,NON_SEXIST
1.0389E+18,SEXIST
1.04177E+18,SEXIST
1.06822E+18,NON_SEXIST
1.06062E+18,NON_SEXIST
1.03886E+18,NON_SEXIST
1.07058E+18,SEXIST
1.02091E+18,SEXIST
1.04182E+18,DOUBTFUL
1.04391E+18,NON_SEXIST
1.02191E+18,SEXIST
1.04035E+18,DOUBTFUL
1.0473E+18,DOUBTFUL
1.04506E+18,SEXIST
1.0385E+18,NON_SEXIST
1.0306E+18,NON_SEXIST
1.07189E+18,NON_SEXIST
1.02145E+18,NON_SEXIST
1.04636E+18,SEXIST
1.04796E+18,NON_SEXIST
1.05596E+18,NON_SEXIST
1.02542E+18,SEXIST
1.02961E+18,DOUBTFUL
1.07508E+18,NON_SEXIST
1.07328E+18,NON_SEXIST
1.06236E+18,NON_SEXIST
1.05885E+18,SEXIST
1.01636E+18,NON_SEXIST
1.06194E+18,NON_SEXIST
1.03375E+18,NON_SEXIST
1.04872E+18,SEXIST
1.07811E+18,NON_SEXIST
1.06322E+18,NON_SEXIST
1.01672E+18,NON_SEXIST
1.02885E+18,NON_SEXIST
1.06199E+18,NON_SEXIST
1.06508E+18,SEXIST
1.04763E+18,NON_SEXIST
1.06572E+18,NON_SEXIST
1.02718E+18,SEXIST
1.05377E+18,SEXIST
1.03674E+18,NON_SEXIST
1.0305E+18,NON_SEXIST
1.0244E+18,NON_SEXIST
1.01646E+18,NON_SEXIST
1.05342E+18,NON_SEXIST
1.07519E+18,NON_SEXIST
1.07242E+18,NON_SEXIST
1.05994E+18,NON_SEXIST
1.07501E+18,NON_SEXIST
1.06175E+18,NON_SEXIST
1.06971E+18,NON_SEXIST
1.05759E+18,NON_SEXIST
1.01936E+18,SEXIST
1.07886E+18,NON_SEXIST
1.03671E+18,NON_SEXIST
1.0233E+18,SEXIST
1.01469E+18,NON_SEXIST
1.02151E+18,SEXIST
1.03309E+18,SEXIST
1.0567E+18,SEXIST
1.04372E+18,NON_SEXIST
1.04131E+18,SEXIST
1.02742E+18,NON_SEXIST
1.06709E+18,NON_SEXIST
1.05041E+18,NON_SEXIST
1.0321E+18,NON_SEXIST
1.05828E+18,NON_SEXIST
1.061E+18,NON_SEXIST
1.04608E+18,SEXIST
1.06709E+18,NON_SEXIST
1.06247E+18,NON_SEXIST
1.02292E+18,SEXIST
1.05779E+18,SEXIST
1.06423E+18,NON_SEXIST
1.03925E+18,NON_SEXIST
1.03855E+18,NON_SEXIST
1.04107E+18,NON_SEXIST
1.05524E+18,DOUBTFUL
1.01674E+18,SEXIST
1.05151E+18,NON_SEXIST
1.01532E+18,NON_SEXIST
1.07983E+18,NON_SEXIST
1.06898E+18,SEXIST
1.07081E+18,NON_SEXIST
1.01429E+18,NON_SEXIST
1.05725E+18,SEXIST
1.02005E+18,NON_SEXIST
1.01489E+18,NON_SEXIST
1.01681E+18,NON_SEXIST
1.04536E+18,NON_SEXIST
1.0335E+18,SEXIST
1.0248E+18,SEXIST
1.07033E+18,SEXIST
1.03925E+18,SEXIST
1.04576E+18,SEXIST
1.01331E+18,SEXIST
1.02187E+18,NON_SEXIST
1.04509E+18,NON_SEXIST
1.02835E+18,NON_SEXIST
1.0736E+18,SEXIST
1.06023E+18,NON_SEXIST
1.07322E+18,DOUBTFUL
1.03809E+18,NON_SEXIST
1.01607E+18,NON_SEXIST
1.0529E+18,NON_SEXIST
1.05004E+18,NON_SEXIST
1.02793E+18,NON_SEXIST
1.04183E+18,SEXIST
1.06461E+18,SEXIST
1.02771E+18,NON_SEXIST
1.03462E+18,DOUBTFUL
1.05366E+18,NON_SEXIST
1.06746E+18,NON_SEXIST
1.05492E+18,NON_SEXIST
1.01568E+18,NON_SEXIST
1.04005E+18,NON_SEXIST
1.01865E+18,NON_SEXIST
1.02372E+18,NON_SEXIST
1.05109E+18,NON_SEXIST
1.02321E+18,NON_SEXIST
1.04425E+18,NON_SEXIST
1.06174E+18,SEXIST
1.05989E+18,NON_SEXIST
1.04617E+18,NON_SEXIST
1.05559E+18,SEXIST
1.05965E+18,SEXIST
1.05772E+18,NON_SEXIST
1.02658E+18,NON_SEXIST
1.06647E+18,SEXIST
1.04026E+18,NON_SEXIST
1.05206E+18,SEXIST
1.04007E+18,NON_SEXIST
1.02725E+18,NON_SEXIST
1.04581E+18,SEXIST
1.01748E+18,NON_SEXIST
1.04684E+18,SEXIST
1.03953E+18,NON_SEXIST
1.01644E+18,NON_SEXIST
1.03784E+18,SEXIST
1.04903E+18,NON_SEXIST
1.05778E+18,NON_SEXIST
1.01992E+18,NON_SEXIST
1.05553E+18,NON_SEXIST
1.02596E+18,SEXIST
1.05872E+18,NON_SEXIST
1.03103E+18,SEXIST
1.0523E+18,NON_SEXIST
1.0273E+18,NON_SEXIST
1.05775E+18,NON_SEXIST
1.05485E+18,SEXIST
1.01421E+18,SEXIST
1.05768E+18,NON_SEXIST
1.05957E+18,DOUBTFUL
1.06629E+18,NON_SEXIST
1.07249E+18,SEXIST
1.02513E+18,NON_SEXIST
1.04715E+18,NON_SEXIST
1.07261E+18,SEXIST
1.01456E+18,NON_SEXIST
1.05811E+18,NON_SEXIST
1.07443E+18,SEXIST
1.02622E+18,NON_SEXIST
1.04363E+18,SEXIST
1.05633E+18,NON_SEXIST
1.02915E+18,NON_SEXIST
1.01655E+18,NON_SEXIST
1.01425E+18,NON_SEXIST
1.0762E+18,NON_SEXIST
1.04211E+18,NON_SEXIST
1.02116E+18,DOUBTFUL
1.01702E+18,NON_SEXIST
1.07334E+18,NON_SEXIST
1.05739E+18,SEXIST
1.07583E+18,NON_SEXIST
1.03849E+18,NON_SEXIST
1.03187E+18,SEXIST
1.01351E+18,NON_SEXIST
1.0787E+18,NON_SEXIST
1.02796E+18,NON_SEXIST
1.0478E+18,SEXIST
1.06603E+18,SEXIST
1.03264E+18,NON_SEXIST
1.05793E+18,NON_SEXIST
1.0538E+18,NON_SEXIST
1.03747E+18,NON_SEXIST
1.07358E+18,SEXIST
1.0729E+18,SEXIST
1.07295E+18,NON_SEXIST
1.07514E+18,NON_SEXIST
1.05016E+18,NON_SEXIST
1.04786E+18,NON_SEXIST
1.01706E+18,NON_SEXIST
1.03839E+18,SEXIST
1.01564E+18,DOUBTFUL
1.02294E+18,SEXIST
1.06171E+18,NON_SEXIST
1.02254E+18,NON_SEXIST
1.02753E+18,NON_SEXIST
1.04649E+18,NON_SEXIST
1.05959E+18,NON_SEXIST
1.0711E+18,SEXIST
1.04546E+18,SEXIST
1.05047E+18,NON_SEXIST
1.01668E+18,NON_SEXIST
1.02227E+18,NON_SEXIST
1.04359E+18,SEXIST
1.02733E+18,NON_SEXIST
1.03276E+18,NON_SEXIST
1.05583E+18,SEXIST
1.03188E+18,NON_SEXIST
1.06126E+18,NON_SEXIST
1.05198E+18,SEXIST
1.04906E+18,SEXIST
1.05278E+18,NON_SEXIST
1.06849E+18,SEXIST
1.05948E+18,NON_SEXIST
1.04288E+18,DOUBTFUL
1.0633E+18,SEXIST
1.03499E+18,NON_SEXIST
1.07336E+18,NON_SEXIST
1.02841E+18,NON_SEXIST
1.05126E+18,NON_SEXIST
1.03768E+18,NON_SEXIST
1.06775E+18,NON_SEXIST
1.04836E+18,SEXIST
1.05152E+18,NON_SEXIST
1.06602E+18,NON_SEXIST
1.06133E+18,NON_SEXIST
1.06611E+18,SEXIST
1.02763E+18,NON_SEXIST
1.04362E+18,NON_SEXIST
1.06109E+18,SEXIST
1.05515E+18,NON_SEXIST
1.05277E+18,DOUBTFUL
1.015E+18,DOUBTFUL
1.02369E+18,SEXIST
1.02118E+18,SEXIST
1.06026E+18,SEXIST
1.0341E+18,SEXIST
1.01597E+18,SEXIST
1.06782E+18,SEXIST
1.07411E+18,SEXIST
1.04541E+18,SEXIST
1.03164E+18,NON_SEXIST
1.06993E+18,SEXIST
1.01816E+18,SEXIST
1.05536E+18,SEXIST
1.05912E+18,SEXIST
1.03488E+18,SEXIST
1.0508E+18,NON_SEXIST
1.06599E+18,NON_SEXIST
1.01564E+18,NON_SEXIST
1.07949E+18,NON_SEXIST
1.05994E+18,SEXIST
1.02984E+18,SEXIST
1.06141E+18,SEXIST
1.01728E+18,NON_SEXIST
1.05915E+18,NON_SEXIST
1.05234E+18,DOUBTFUL
1.02062E+18,NON_SEXIST
1.03456E+18,SEXIST
1.04711E+18,NON_SEXIST
1.05264E+18,NON_SEXIST
1.01392E+18,SEXIST
1.05906E+18,NON_SEXIST
1.0678E+18,NON_SEXIST
1.07613E+18,NON_SEXIST
1.03558E+18,SEXIST
1.0681E+18,SEXIST
1.04035E+18,NON_SEXIST
1.03313E+18,SEXIST
1.0526E+18,NON_SEXIST
1.03495E+18,SEXIST
1.04913E+18,NON_SEXIST
1.07987E+18,SEXIST
1.03195E+18,NON_SEXIST
1.0689E+18,NON_SEXIST
1.03596E+18,NON_SEXIST
1.04623E+18,NON_SEXIST
1.04657E+18,SEXIST
1.03404E+18,NON_SEXIST
1.07142E+18,SEXIST
1.04059E+18,NON_SEXIST
1.06212E+18,NON_SEXIST
1.06066E+18,SEXIST
1.05778E+18,DOUBTFUL
1.02688E+18,NON_SEXIST
1.03204E+18,NON_SEXIST
1.04951E+18,NON_SEXIST
1.03501E+18,NON_SEXIST
1.06748E+18,SEXIST
1.06681E+18,NON_SEXIST
1.07653E+18,SEXIST
1.05767E+18,NON_SEXIST
1.02408E+18,NON_SEXIST
1.07443E+18,SEXIST
1.02397E+18,NON_SEXIST
1.01718E+18,NON_SEXIST
1.03878E+18,DOUBTFUL
1.05027E+18,NON_SEXIST
1.07397E+18,NON_SEXIST
1.02126E+18,DOUBTFUL
1.01924E+18,SEXIST
1.02135E+18,SEXIST
1.03027E+18,SEXIST
1.05765E+18,NON_SEXIST
1.05515E+18,SEXIST
1.06829E+18,SEXIST
1.04488E+18,SEXIST
1.07288E+18,NON_SEXIST
1.02491E+18,SEXIST
1.03748E+18,SEXIST
1.05166E+18,NON_SEXIST
1.06132E+18,NON_SEXIST
1.0411E+18,NON_SEXIST
1.05147E+18,NON_SEXIST
1.06741E+18,NON_SEXIST
1.05623E+18,NON_SEXIST
1.06861E+18,NON_SEXIST
1.04137E+18,NON_SEXIST
1.03138E+18,SEXIST
1.0502E+18,SEXIST
1.06597E+18,DOUBTFUL
1.06534E+18,DOUBTFUL
1.04466E+18,NON_SEXIST
1.02136E+18,SEXIST
1.04711E+18,SEXIST
1.03863E+18,NON_SEXIST
1.0388E+18,SEXIST
1.01722E+18,SEXIST
1.01514E+18,NON_SEXIST
1.06139E+18,NON_SEXIST
1.06332E+18,NON_SEXIST
1.06104E+18,NON_SEXIST
1.04756E+18,DOUBTFUL
1.07226E+18,NON_SEXIST
1.05271E+18,SEXIST
1.02124E+18,NON_SEXIST
1.06177E+18,SEXIST
1.05306E+18,SEXIST
1.07228E+18,NON_SEXIST
1.04697E+18,SEXIST
1.03224E+18,NON_SEXIST
1.04172E+18,SEXIST
1.05885E+18,SEXIST
1.04949E+18,NON_SEXIST
1.04325E+18,NON_SEXIST
1.06683E+18,SEXIST
1.04538E+18,SEXIST
1.04793E+18,SEXIST
1.06826E+18,NON_SEXIST
1.04604E+18,SEXIST
1.02911E+18,SEXIST
1.036E+18,NON_SEXIST
1.058E+18,NON_SEXIST
1.0298E+18,NON_SEXIST
1.03559E+18,NON_SEXIST
1.02693E+18,NON_SEXIST
1.03748E+18,SEXIST
1.04502E+18,SEXIST
1.05775E+18,NON_SEXIST
1.03032E+18,SEXIST
1.02624E+18,NON_SEXIST
1.02151E+18,SEXIST
1.04863E+18,NON_SEXIST
1.07367E+18,SEXIST
1.06427E+18,NON_SEXIST
1.01709E+18,NON_SEXIST
1.02149E+18,NON_SEXIST
1.06761E+18,NON_SEXIST
1.0278E+18,NON_SEXIST
1.04202E+18,NON_SEXIST
1.0763E+18,NON_SEXIST
1.07255E+18,NON_SEXIST
1.06282E+18,NON_SEXIST
1.04995E+18,SEXIST
1.04759E+18,SEXIST
1.05177E+18,SEXIST
1.01899E+18,DOUBTFUL
1.01784E+18,SEXIST
1.04209E+18,NON_SEXIST
1.02408E+18,SEXIST
1.02824E+18,NON_SEXIST
1.07667E+18,SEXIST
1.07917E+18,NON_SEXIST
1.05051E+18,SEXIST
1.01972E+18,SEXIST
1.06029E+18,SEXIST
1.03331E+18,NON_SEXIST
1.02359E+18,NON_SEXIST
1.06719E+18,NON_SEXIST
1.03457E+18,NON_SEXIST
1.0237E+18,DOUBTFUL
1.05328E+18,SEXIST
1.06066E+18,SEXIST
1.07048E+18,NON_SEXIST
1.06901E+18,SEXIST
1.07416E+18,SEXIST
1.04219E+18,NON_SEXIST
1.02695E+18,NON_SEXIST
1.01827E+18,SEXIST
1.07505E+18,NON_SEXIST
1.07658E+18,NON_SEXIST
1.02303E+18,SEXIST
1.03637E+18,NON_SEXIST
1.0212E+18,NON_SEXIST
1.05841E+18,NON_SEXIST
1.01781E+18,NON_SEXIST
1.03709E+18,SEXIST
1.05907E+18,SEXIST
1.01791E+18,SEXIST
1.0602E+18,NON_SEXIST
1.05157E+18,NON_SEXIST
1.0269E+18,SEXIST
1.04733E+18,SEXIST
1.03133E+18,NON_SEXIST
1.07669E+18,SEXIST
1.04941E+18,DOUBTFUL
1.05414E+18,NON_SEXIST
1.04437E+18,NON_SEXIST
1.01783E+18,NON_SEXIST
1.02225E+18,NON_SEXIST
1.0653E+18,NON_SEXIST
1.0573E+18,NON_SEXIST
1.03203E+18,NON_SEXIST
1.02467E+18,NON_SEXIST
1.01837E+18,DOUBTFUL
1.0626E+18,NON_SEXIST
1.02225E+18,SEXIST
1.03165E+18,NON_SEXIST
1.05924E+18,NON_SEXIST
1.02405E+18,SEXIST
1.05044E+18,NON_SEXIST
1.07504E+18,NON_SEXIST
1.06661E+18,NON_SEXIST
1.05122E+18,NON_SEXIST
1.03813E+18,SEXIST
1.04197E+18,NON_SEXIST
1.05115E+18,NON_SEXIST
1.01836E+18,SEXIST
1.01899E+18,NON_SEXIST
1.04183E+18,DOUBTFUL
1.03095E+18,SEXIST
1.0656E+18,SEXIST
1.07806E+18,SEXIST
1.02124E+18,NON_SEXIST
1.06563E+18,NON_SEXIST
1.02298E+18,SEXIST
1.05486E+18,NON_SEXIST
1.01717E+18,DOUBTFUL
1.06961E+18,NON_SEXIST
1.05432E+18,NON_SEXIST
1.05083E+18,NON_SEXIST
1.03486E+18,SEXIST
1.03058E+18,SEXIST
1.03603E+18,DOUBTFUL
1.07576E+18,NON_SEXIST
1.01569E+18,NON_SEXIST
1.03524E+18,NON_SEXIST
1.07324E+18,NON_SEXIST
1.03928E+18,NON_SEXIST
1.06235E+18,NON_SEXIST
1.02806E+18,NON_SEXIST
1.04727E+18,NON_SEXIST
1.04188E+18,SEXIST
1.06959E+18,SEXIST
1.01686E+18,NON_SEXIST
1.03059E+18,NON_SEXIST
1.03536E+18,NON_SEXIST
1.05106E+18,DOUBTFUL
1.05556E+18,SEXIST
1.03094E+18,NON_SEXIST
1.0335E+18,DOUBTFUL
1.02395E+18,NON_SEXIST
1.05808E+18,NON_SEXIST
1.05703E+18,NON_SEXIST
1.05584E+18,NON_SEXIST
1.03272E+18,NON_SEXIST
1.0197E+18,SEXIST
1.07685E+18,SEXIST
1.05087E+18,NON_SEXIST
1.06611E+18,SEXIST
1.04359E+18,SEXIST
1.02694E+18,NON_SEXIST
1.03318E+18,NON_SEXIST
1.03022E+18,NON_SEXIST
1.06761E+18,NON_SEXIST
1.03168E+18,NON_SEXIST
1.0349E+18,DOUBTFUL
1.07787E+18,NON_SEXIST
1.03496E+18,NON_SEXIST
1.0592E+18,NON_SEXIST
1.0162E+18,SEXIST
1.05986E+18,NON_SEXIST
1.03132E+18,SEXIST
1.05232E+18,SEXIST
1.0614E+18,NON_SEXIST
1.06322E+18,NON_SEXIST
1.05594E+18,NON_SEXIST
1.03313E+18,SEXIST
1.06785E+18,NON_SEXIST
1.03531E+18,NON_SEXIST
1.04073E+18,SEXIST
1.05231E+18,NON_SEXIST
1.05548E+18,NON_SEXIST
1.069E+18,NON_SEXIST
1.01528E+18,NON_SEXIST
1.02146E+18,NON_SEXIST
1.02007E+18,NON_SEXIST
1.06177E+18,NON_SEXIST
1.04593E+18,NON_SEXIST
1.06834E+18,NON_SEXIST
1.07328E+18,NON_SEXIST
1.0783E+18,NON_SEXIST
1.04072E+18,SEXIST
1.04493E+18,SEXIST
1.05775E+18,NON_SEXIST
1.02796E+18,NON_SEXIST
1.04568E+18,NON_SEXIST
1.02021E+18,SEXIST
1.02904E+18,NON_SEXIST
1.03591E+18,NON_SEXIST
1.05923E+18,SEXIST
1.03531E+18,SEXIST
1.02579E+18,SEXIST
1.04935E+18,SEXIST
1.05342E+18,NON_SEXIST
1.0726E+18,SEXIST
1.05059E+18,NON_SEXIST
1.01439E+18,NON_SEXIST
1.03834E+18,NON_SEXIST
1.03083E+18,NON_SEXIST
1.05781E+18,SEXIST
1.05487E+18,NON_SEXIST
1.06313E+18,NON_SEXIST
1.07031E+18,NON_SEXIST
1.05589E+18,NON_SEXIST
1.02016E+18,SEXIST
1.0512E+18,NON_SEXIST
1.02194E+18,NON_SEXIST
1.05072E+18,NON_SEXIST
1.02731E+18,NON_SEXIST
1.02951E+18,NON_SEXIST
1.02542E+18,SEXIST
1.0643E+18,NON_SEXIST
1.07404E+18,DOUBTFUL
1.03703E+18,NON_SEXIST
1.01617E+18,DOUBTFUL
1.04459E+18,SEXIST
1.05982E+18,NON_SEXIST
1.03026E+18,NON_SEXIST
1.05227E+18,NON_SEXIST
1.04154E+18,SEXIST
1.02593E+18,NON_SEXIST
1.05893E+18,NON_SEXIST
1.04974E+18,NON_SEXIST
1.03278E+18,NON_SEXIST
1.0736E+18,SEXIST
1.07463E+18,NON_SEXIST
1.04536E+18,SEXIST
1.03748E+18,SEXIST
1.01429E+18,NON_SEXIST
1.05621E+18,NON_SEXIST
1.0536E+18,NON_SEXIST
1.04387E+18,NON_SEXIST
1.03707E+18,NON_SEXIST
1.02736E+18,DOUBTFUL
1.04944E+18,SEXIST
1.04393E+18,NON_SEXIST
1.02547E+18,DOUBTFUL
1.07032E+18,NON_SEXIST
1.025E+18,DOUBTFUL
1.06392E+18,SEXIST
1.01537E+18,DOUBTFUL
1.02297E+18,NON_SEXIST
1.02313E+18,NON_SEXIST
1.01973E+18,NON_SEXIST
1.01364E+18,NON_SEXIST
1.0161E+18,NON_SEXIST
1.06067E+18,NON_SEXIST
1.03415E+18,NON_SEXIST
1.04156E+18,NON_SEXIST
1.05128E+18,SEXIST
1.04289E+18,SEXIST
1.01864E+18,NON_SEXIST
1.05306E+18,NON_SEXIST
1.04325E+18,NON_SEXIST
1.04346E+18,NON_SEXIST
1.04862E+18,NON_SEXIST
1.06056E+18,NON_SEXIST
1.02621E+18,NON_SEXIST
1.06995E+18,SEXIST
1.07265E+18,NON_SEXIST
1.05539E+18,SEXIST
1.0419E+18,NON_SEXIST
1.02806E+18,DOUBTFUL
1.02299E+18,NON_SEXIST
1.05888E+18,NON_SEXIST
1.05872E+18,SEXIST
1.01724E+18,NON_SEXIST
1.07331E+18,NON_SEXIST
1.04652E+18,NON_SEXIST
1.04649E+18,SEXIST
1.06719E+18,DOUBTFUL
1.07738E+18,SEXIST
1.01427E+18,NON_SEXIST
1.02042E+18,NON_SEXIST
1.04942E+18,NON_SEXIST
1.04968E+18,NON_SEXIST
1.05923E+18,DOUBTFUL
1.0623E+18,SEXIST
1.01464E+18,SEXIST
1.06714E+18,NON_SEXIST
1.06668E+18,NON_SEXIST
1.04472E+18,NON_SEXIST
1.02226E+18,NON_SEXIST
1.04872E+18,NON_SEXIST
1.05486E+18,NON_SEXIST
1.06575E+18,DOUBTFUL
1.02757E+18,NON_SEXIST
1.05124E+18,NON_SEXIST
1.0507E+18,NON_SEXIST
1.04614E+18,NON_SEXIST
1.04212E+18,SEXIST
1.04473E+18,SEXIST
1.0161E+18,NON_SEXIST
1.03232E+18,SEXIST
1.06675E+18,NON_SEXIST
1.02071E+18,NON_SEXIST
1.06428E+18,DOUBTFUL
1.02724E+18,SEXIST
1.06015E+18,NON_SEXIST
1.03452E+18,NON_SEXIST
1.03456E+18,SEXIST
1.03942E+18,NON_SEXIST
1.02668E+18,NON_SEXIST
1.0641E+18,NON_SEXIST
1.02371E+18,SEXIST
1.03549E+18,NON_SEXIST
1.06278E+18,NON_SEXIST
1.01438E+18,NON_SEXIST
1.02516E+18,SEXIST
1.06681E+18,NON_SEXIST
1.06427E+18,DOUBTFUL
1.04796E+18,NON_SEXIST
1.06669E+18,SEXIST
1.02475E+18,SEXIST
1.04078E+18,DOUBTFUL
1.0591E+18,NON_SEXIST
1.04649E+18,NON_SEXIST
1.04791E+18,NON_SEXIST
1.06389E+18,NON_SEXIST
1.05453E+18,NON_SEXIST
1.02797E+18,SEXIST
1.03667E+18,NON_SEXIST
1.02256E+18,NON_SEXIST
1.02761E+18,SEXIST
1.0226E+18,SEXIST
1.01899E+18,NON_SEXIST
1.07347E+18,NON_SEXIST
1.04496E+18,NON_SEXIST
1.07755E+18,DOUBTFUL
1.03205E+18,NON_SEXIST
1.06793E+18,NON_SEXIST
1.06249E+18,NON_SEXIST
1.01829E+18,NON_SEXIST
1.0672E+18,NON_SEXIST
1.0494E+18,NON_SEXIST
1.07517E+18,DOUBTFUL
1.05431E+18,DOUBTFUL
1.03245E+18,NON_SEXIST
1.01377E+18,SEXIST
1.03348E+18,NON_SEXIST
1.02974E+18,NON_SEXIST
1.02485E+18,NON_SEXIST
1.03218E+18,NON_SEXIST
1.02368E+18,NON_SEXIST
1.05705E+18,NON_SEXIST
1.04995E+18,NON_SEXIST
1.01504E+18,SEXIST
1.05768E+18,NON_SEXIST
1.01864E+18,SEXIST
1.04201E+18,NON_SEXIST
1.02227E+18,NON_SEXIST
1.06136E+18,NON_SEXIST
1.04892E+18,NON_SEXIST
1.03524E+18,NON_SEXIST
1.02941E+18,NON_SEXIST
1.04505E+18,NON_SEXIST
1.02566E+18,DOUBTFUL
1.05195E+18,NON_SEXIST
1.07389E+18,SEXIST
1.03089E+18,NON_SEXIST
1.06568E+18,NON_SEXIST
1.04473E+18,NON_SEXIST
1.03424E+18,NON_SEXIST
1.04434E+18,NON_SEXIST
1.07873E+18,NON_SEXIST
1.07918E+18,NON_SEXIST
1.05189E+18,SEXIST
1.05315E+18,SEXIST
1.02139E+18,NON_SEXIST
1.04145E+18,SEXIST
1.06858E+18,DOUBTFUL
1.02142E+18,NON_SEXIST
1.05446E+18,NON_SEXIST
1.02149E+18,NON_SEXIST
1.03228E+18,NON_SEXIST
1.05592E+18,SEXIST
1.01608E+18,NON_SEXIST
1.04827E+18,SEXIST
1.01321E+18,NON_SEXIST
1.05452E+18,NON_SEXIST
1.06103E+18,NON_SEXIST
1.0603E+18,NON_SEXIST
1.04711E+18,NON_SEXIST
1.03495E+18,NON_SEXIST
1.04058E+18,NON_SEXIST
1.05632E+18,SEXIST
1.02331E+18,NON_SEXIST
1.04981E+18,SEXIST
1.07169E+18,DOUBTFUL
1.06138E+18,NON_SEXIST
1.05558E+18,SEXIST
1.01754E+18,NON_SEXIST
1.05519E+18,NON_SEXIST
1.03128E+18,NON_SEXIST
1.05169E+18,NON_SEXIST
1.01666E+18,NON_SEXIST
1.06008E+18,NON_SEXIST
1.04821E+18,NON_SEXIST
1.07121E+18,SEXIST
1.066E+18,NON_SEXIST
1.01834E+18,SEXIST
1.02206E+18,SEXIST
1.03277E+18,DOUBTFUL
1.04252E+18,SEXIST
1.02208E+18,NON_SEXIST
1.04472E+18,SEXIST
1.05553E+18,DOUBTFUL
1.04976E+18,SEXIST
1.02695E+18,NON_SEXIST
1.01742E+18,NON_SEXIST
1.02901E+18,NON_SEXIST
1.05311E+18,NON_SEXIST
1.06107E+18,NON_SEXIST
1.0603E+18,NON_SEXIST
1.03713E+18,NON_SEXIST
1.05487E+18,NON_SEXIST
1.04625E+18,SEXIST
1.03423E+18,SEXIST
1.02515E+18,SEXIST
1.01463E+18,SEXIST
1.07781E+18,SEXIST
1.03831E+18,SEXIST
1.0198E+18,SEXIST
1.04676E+18,NON_SEXIST
1.03093E+18,NON_SEXIST
1.04508E+18,SEXIST
1.03928E+18,NON_SEXIST
1.02987E+18,NON_SEXIST
1.0772E+18,NON_SEXIST
1.07828E+18,SEXIST
1.04944E+18,NON_SEXIST
1.01574E+18,DOUBTFUL
1.01725E+18,NON_SEXIST
1.0794E+18,SEXIST
1.06489E+18,DOUBTFUL
1.03271E+18,SEXIST
1.04868E+18,SEXIST
1.04721E+18,SEXIST
1.03296E+18,NON_SEXIST
1.02815E+18,NON_SEXIST
1.05559E+18,NON_SEXIST
1.03248E+18,NON_SEXIST
1.04115E+18,DOUBTFUL
1.02806E+18,NON_SEXIST
1.02801E+18,NON_SEXIST
1.04894E+18,NON_SEXIST
1.06785E+18,SEXIST
1.03788E+18,NON_SEXIST
1.02975E+18,NON_SEXIST
1.03241E+18,NON_SEXIST
1.04253E+18,SEXIST
1.02269E+18,SEXIST
1.01939E+18,NON_SEXIST
1.05562E+18,DOUBTFUL
1.07008E+18,NON_SEXIST
1.03965E+18,DOUBTFUL
1.02732E+18,NON_SEXIST
1.05046E+18,SEXIST
1.04533E+18,NON_SEXIST
1.02327E+18,SEXIST
1.0762E+18,NON_SEXIST
1.0536E+18,NON_SEXIST
1.07269E+18,DOUBTFUL
1.07725E+18,NON_SEXIST
1.07262E+18,SEXIST
1.03422E+18,NON_SEXIST
1.03058E+18,SEXIST
1.04153E+18,SEXIST
1.02563E+18,NON_SEXIST
1.07699E+18,SEXIST
1.04291E+18,NON_SEXIST
1.04617E+18,SEXIST
1.05213E+18,NON_SEXIST
1.05197E+18,NON_SEXIST
1.07583E+18,DOUBTFUL
1.01628E+18,NON_SEXIST
1.03783E+18,NON_SEXIST
1.05361E+18,NON_SEXIST
1.06648E+18,SEXIST
1.04402E+18,NON_SEXIST
1.0504E+18,NON_SEXIST
1.02431E+18,DOUBTFUL
1.06236E+18,NON_SEXIST
1.02178E+18,NON_SEXIST
1.0479E+18,DOUBTFUL
1.06787E+18,NON_SEXIST
1.03668E+18,SEXIST
1.0422E+18,SEXIST
1.06572E+18,NON_SEXIST
1.01536E+18,NON_SEXIST
1.06793E+18,NON_SEXIST
1.01824E+18,DOUBTFUL
1.04789E+18,SEXIST
1.05076E+18,NON_SEXIST
1.02587E+18,SEXIST
1.06068E+18,NON_SEXIST
1.07149E+18,SEXIST
1.03862E+18,NON_SEXIST
1.04056E+18,NON_SEXIST
1.03341E+18,SEXIST
1.0628E+18,NON_SEXIST
1.01972E+18,NON_SEXIST
1.04545E+18,NON_SEXIST
1.04069E+18,SEXIST
1.03495E+18,SEXIST
1.04653E+18,NON_SEXIST
1.06827E+18,SEXIST
1.02927E+18,NON_SEXIST
1.02593E+18,NON_SEXIST
1.019E+18,SEXIST
1.04678E+18,NON_SEXIST
1.07234E+18,SEXIST
1.07516E+18,SEXIST
1.06083E+18,SEXIST
1.02555E+18,DOUBTFUL
1.05751E+18,NON_SEXIST
1.05968E+18,NON_SEXIST
1.03595E+18,SEXIST
1.03197E+18,NON_SEXIST
1.04943E+18,NON_SEXIST
1.01429E+18,SEXIST
1.02543E+18,NON_SEXIST
1.06792E+18,DOUBTFUL
1.04832E+18,NON_SEXIST
1.05301E+18,SEXIST
1.05622E+18,NON_SEXIST
1.07478E+18,DOUBTFUL
1.0403E+18,NON_SEXIST
1.01385E+18,NON_SEXIST
1.07181E+18,NON_SEXIST
1.04755E+18,NON_SEXIST
1.02833E+18,NON_SEXIST
1.04837E+18,DOUBTFUL
1.05343E+18,NON_SEXIST
1.03866E+18,NON_SEXIST
1.05699E+18,SEXIST
1.06248E+18,NON_SEXIST
1.07657E+18,DOUBTFUL
1.04028E+18,NON_SEXIST
1.03561E+18,SEXIST
1.04401E+18,SEXIST
1.02306E+18,SEXIST
1.0262E+18,SEXIST
1.01428E+18,NON_SEXIST
1.02759E+18,DOUBTFUL
1.05264E+18,NON_SEXIST
1.02154E+18,SEXIST
1.02589E+18,NON_SEXIST
1.02368E+18,NON_SEXIST
1.07376E+18,SEXIST
1.01518E+18,SEXIST
1.0255E+18,NON_SEXIST
1.05269E+18,DOUBTFUL
1.06791E+18,SEXIST
1.06941E+18,SEXIST
1.02627E+18,SEXIST
1.05051E+18,SEXIST
1.06427E+18,SEXIST
1.05771E+18,SEXIST
1.06918E+18,DOUBTFUL
1.02574E+18,NON_SEXIST
1.02439E+18,NON_SEXIST
1.07215E+18,NON_SEXIST
1.04505E+18,NON_SEXIST
1.01678E+18,NON_SEXIST
1.0663E+18,DOUBTFUL
1.01343E+18,NON_SEXIST
1.0526E+18,NON_SEXIST
1.07239E+18,NON_SEXIST
1.073E+18,NON_SEXIST
1.03273E+18,NON_SEXIST
1.0368E+18,NON_SEXIST
1.03532E+18,SEXIST
1.02374E+18,SEXIST
1.04075E+18,NON_SEXIST
1.03289E+18,SEXIST
1.07252E+18,NON_SEXIST
1.04792E+18,NON_SEXIST
1.05584E+18,NON_SEXIST
1.06542E+18,DOUBTFUL
1.07153E+18,NON_SEXIST
1.05893E+18,NON_SEXIST
1.01524E+18,NON_SEXIST
1.05161E+18,SEXIST
1.05305E+18,SEXIST
1.05593E+18,NON_SEXIST
1.05778E+18,NON_SEXIST
1.0392E+18,NON_SEXIST
1.05513E+18,NON_SEXIST
1.01688E+18,NON_SEXIST
1.04364E+18,NON_SEXIST
1.05914E+18,NON_SEXIST
1.07004E+18,DOUBTFUL
1.06435E+18,NON_SEXIST
1.03863E+18,SEXIST
1.03312E+18,NON_SEXIST
1.03387E+18,DOUBTFUL
1.02335E+18,NON_SEXIST
1.01573E+18,NON_SEXIST
1.02797E+18,NON_SEXIST
1.0654E+18,NON_SEXIST
1.06466E+18,SEXIST
1.02298E+18,SEXIST
1.04917E+18,NON_SEXIST
1.01934E+18,NON_SEXIST
1.06121E+18,NON_SEXIST
1.05088E+18,NON_SEXIST
1.05521E+18,NON_SEXIST
1.0163E+18,SEXIST
1.02369E+18,SEXIST
1.03636E+18,NON_SEXIST
1.07587E+18,NON_SEXIST
1.04179E+18,SEXIST
1.04867E+18,NON_SEXIST
1.0631E+18,NON_SEXIST
1.04751E+18,SEXIST
1.03496E+18,NON_SEXIST
1.01439E+18,NON_SEXIST
1.01713E+18,NON_SEXIST
1.01971E+18,SEXIST
1.03962E+18,NON_SEXIST
1.03228E+18,NON_SEXIST
1.03152E+18,SEXIST
1.02723E+18,NON_SEXIST
1.03811E+18,SEXIST
1.02049E+18,NON_SEXIST
1.07799E+18,NON_SEXIST
1.02444E+18,SEXIST
1.0545E+18,NON_SEXIST
1.0255E+18,NON_SEXIST
1.02106E+18,SEXIST
1.06536E+18,NON_SEXIST
1.0687E+18,NON_SEXIST
1.05483E+18,NON_SEXIST
1.03445E+18,SEXIST
1.03938E+18,SEXIST
1.01704E+18,NON_SEXIST
1.01572E+18,NON_SEXIST
1.04426E+18,NON_SEXIST
1.04142E+18,SEXIST
1.02503E+18,NON_SEXIST
1.06136E+18,NON_SEXIST
1.01863E+18,NON_SEXIST
1.06852E+18,SEXIST
1.05024E+18,NON_SEXIST
1.0295E+18,NON_SEXIST
1.07102E+18,NON_SEXIST
1.04038E+18,SEXIST
1.01977E+18,NON_SEXIST
1.02262E+18,NON_SEXIST
1.0734E+18,NON_SEXIST
1.05523E+18,NON_SEXIST
1.05305E+18,NON_SEXIST
1.04534E+18,NON_SEXIST
1.02588E+18,NON_SEXIST
1.05555E+18,SEXIST
1.02697E+18,NON_SEXIST
1.0201E+18,NON_SEXIST
1.02091E+18,SEXIST
1.04975E+18,SEXIST
1.04927E+18,SEXIST
1.03722E+18,NON_SEXIST
1.04655E+18,NON_SEXIST
1.02791E+18,NON_SEXIST
1.05956E+18,DOUBTFUL
1.06176E+18,NON_SEXIST
1.03531E+18,NON_SEXIST
1.04405E+18,NON_SEXIST
1.02693E+18,SEXIST
1.06275E+18,SEXIST
1.04296E+18,DOUBTFUL
1.02625E+18,SEXIST
1.06896E+18,NON_SEXIST
1.0767E+18,SEXIST
1.0276E+18,NON_SEXIST
1.05811E+18,NON_SEXIST
1.03989E+18,NON_SEXIST
1.0476E+18,NON_SEXIST
1.03066E+18,NON_SEXIST
1.01756E+18,SEXIST
1.01937E+18,NON_SEXIST
1.06496E+18,NON_SEXIST
1.06329E+18,SEXIST
1.05256E+18,SEXIST
1.04761E+18,SEXIST
1.06092E+18,NON_SEXIST
1.05181E+18,NON_SEXIST
1.0778E+18,NON_SEXIST
1.04572E+18,NON_SEXIST
1.01462E+18,NON_SEXIST
1.03056E+18,NON_SEXIST
1.07759E+18,SEXIST
1.05108E+18,NON_SEXIST
1.04494E+18,NON_SEXIST
1.07986E+18,NON_SEXIST
1.01324E+18,SEXIST
1.06321E+18,NON_SEXIST
1.07476E+18,NON_SEXIST
1.04691E+18,DOUBTFUL
1.05767E+18,NON_SEXIST
1.04327E+18,NON_SEXIST
1.05738E+18,NON_SEXIST
1.04429E+18,NON_SEXIST
1.03083E+18,NON_SEXIST
1.04641E+18,NON_SEXIST
1.01394E+18,NON_SEXIST
1.04252E+18,NON_SEXIST
1.05554E+18,NON_SEXIST
1.01738E+18,SEXIST
1.05706E+18,NON_SEXIST
1.04372E+18,NON_SEXIST
1.01653E+18,NON_SEXIST
1.07672E+18,SEXIST
1.02153E+18,NON_SEXIST
1.03089E+18,NON_SEXIST
1.01573E+18,SEXIST
1.05013E+18,SEXIST
1.05526E+18,NON_SEXIST
1.07369E+18,SEXIST
1.04325E+18,NON_SEXIST
1.05374E+18,NON_SEXIST
1.03654E+18,NON_SEXIST
1.03721E+18,NON_SEXIST
1.03458E+18,NON_SEXIST
1.03032E+18,SEXIST
1.05255E+18,NON_SEXIST
1.07628E+18,SEXIST
1.04465E+18,SEXIST
1.06585E+18,SEXIST
1.07869E+18,NON_SEXIST
1.03744E+18,NON_SEXIST
1.02914E+18,NON_SEXIST
1.06535E+18,NON_SEXIST
1.03504E+18,NON_SEXIST
1.02485E+18,DOUBTFUL
1.07846E+18,NON_SEXIST
1.03605E+18,NON_SEXIST
1.07102E+18,NON_SEXIST
1.05445E+18,SEXIST
1.06026E+18,SEXIST
1.015E+18,SEXIST
1.07359E+18,NON_SEXIST
1.01632E+18,NON_SEXIST
1.04253E+18,NON_SEXIST
1.04248E+18,SEXIST
1.06157E+18,NON_SEXIST
1.03978E+18,SEXIST
1.05593E+18,NON_SEXIST
1.0238E+18,NON_SEXIST
1.05844E+18,NON_SEXIST
1.04749E+18,NON_SEXIST
1.0235E+18,NON_SEXIST
1.04021E+18,NON_SEXIST
1.02442E+18,SEXIST
1.06393E+18,DOUBTFUL
1.01466E+18,SEXIST
1.05742E+18,NON_SEXIST
1.05307E+18,SEXIST
1.07611E+18,SEXIST
1.0639E+18,SEXIST
1.04994E+18,DOUBTFUL
1.03534E+18,DOUBTFUL
1.06109E+18,NON_SEXIST
1.06084E+18,NON_SEXIST
1.06575E+18,NON_SEXIST
1.05964E+18,NON_SEXIST
1.02516E+18,NON_SEXIST
1.03897E+18,NON_SEXIST
1.02407E+18,NON_SEXIST
1.04503E+18,NON_SEXIST
1.02436E+18,SEXIST
1.05415E+18,DOUBTFUL
1.03604E+18,DOUBTFUL
1.07949E+18,NON_SEXIST
1.02317E+18,NON_SEXIST
1.04105E+18,SEXIST
1.03069E+18,NON_SEXIST
1.06482E+18,NON_SEXIST
1.01465E+18,NON_SEXIST
1.04863E+18,NON_SEXIST
1.07147E+18,SEXIST
1.07383E+18,NON_SEXIST
1.07983E+18,NON_SEXIST
1.04053E+18,NON_SEXIST
1.03221E+18,NON_SEXIST
1.06321E+18,NON_SEXIST
1.05328E+18,NON_SEXIST
1.02614E+18,NON_SEXIST
1.06684E+18,NON_SEXIST
1.0529E+18,NON_SEXIST
1.0749E+18,NON_SEXIST
1.05938E+18,NON_SEXIST
1.04997E+18,NON_SEXIST
1.0723E+18,SEXIST
1.05008E+18,DOUBTFUL
1.048E+18,NON_SEXIST
1.03056E+18,SEXIST
1.03879E+18,NON_SEXIST
1.04493E+18,DOUBTFUL
1.07003E+18,NON_SEXIST
1.04506E+18,NON_SEXIST
1.03549E+18,NON_SEXIST
1.06101E+18,NON_SEXIST
1.0526E+18,NON_SEXIST
1.01682E+18,NON_SEXIST
1.02808E+18,NON_SEXIST
1.02548E+18,SEXIST
1.02776E+18,NON_SEXIST
1.02037E+18,NON_SEXIST
1.05624E+18,NON_SEXIST
1.03409E+18,NON_SEXIST
1.05038E+18,SEXIST
1.02465E+18,NON_SEXIST
1.06609E+18,NON_SEXIST
1.04546E+18,SEXIST
1.03318E+18,DOUBTFUL
1.06731E+18,DOUBTFUL
1.04691E+18,DOUBTFUL
1.02382E+18,NON_SEXIST
1.0498E+18,NON_SEXIST
1.05269E+18,SEXIST
1.03015E+18,NON_SEXIST
1.06424E+18,NON_SEXIST
1.05778E+18,NON_SEXIST
1.06604E+18,NON_SEXIST
1.04371E+18,SEXIST
1.06501E+18,NON_SEXIST
1.02525E+18,NON_SEXIST
1.04726E+18,DOUBTFUL
1.04474E+18,DOUBTFUL
1.06176E+18,NON_SEXIST
1.05271E+18,SEXIST
1.02111E+18,SEXIST
1.04685E+18,NON_SEXIST
1.07799E+18,NON_SEXIST
1.05125E+18,NON_SEXIST
1.02364E+18,SEXIST
1.02707E+18,DOUBTFUL
1.05617E+18,NON_SEXIST
1.04423E+18,NON_SEXIST
1.01601E+18,NON_SEXIST
1.05582E+18,NON_SEXIST
1.02212E+18,NON_SEXIST
1.02226E+18,NON_SEXIST
1.01418E+18,SEXIST
1.04114E+18,NON_SEXIST
1.07867E+18,SEXIST
1.05617E+18,NON_SEXIST
1.04466E+18,DOUBTFUL
1.03595E+18,DOUBTFUL
1.03801E+18,NON_SEXIST
1.06611E+18,NON_SEXIST
1.03636E+18,SEXIST
1.03105E+18,NON_SEXIST
1.06937E+18,NON_SEXIST
1.04856E+18,NON_SEXIST
1.06389E+18,NON_SEXIST
1.0781E+18,SEXIST
1.01651E+18,NON_SEXIST
1.04134E+18,NON_SEXIST
1.05271E+18,SEXIST
1.01969E+18,NON_SEXIST
1.05213E+18,SEXIST
1.05065E+18,NON_SEXIST
1.02915E+18,NON_SEXIST
1.03853E+18,NON_SEXIST
1.05456E+18,NON_SEXIST
1.05441E+18,SEXIST
1.03531E+18,NON_SEXIST
1.05451E+18,NON_SEXIST
1.06025E+18,NON_SEXIST
1.07305E+18,NON_SEXIST
1.04103E+18,SEXIST
1.05143E+18,NON_SEXIST
1.0229E+18,NON_SEXIST
1.06904E+18,NON_SEXIST
1.01538E+18,NON_SEXIST
1.04769E+18,NON_SEXIST
1.06448E+18,NON_SEXIST
1.04058E+18,NON_SEXIST
1.05856E+18,NON_SEXIST
1.04543E+18,NON_SEXIST
1.02408E+18,NON_SEXIST
1.05146E+18,NON_SEXIST
1.02072E+18,NON_SEXIST
